choice,income,female,education,price.0,price.1,price.2,price.3,price.4
4,829.7172817401588,1,3,0,0.5,0.6,0.4,0.7
3,345.2401130925864,0,8,0,0.5,0.6,0.4,0.7
2,564.0388655010611,1,4,0,0.5,0.6,0.4,0.7
4,572.2867965232581,1,1,0,0.5,0.6,0.4,0.7
3,889.7860671859235,0,4,0,0.5,0.6,0.4,0.7
4,265.5327725224197,1,2,0,0.5,0.6,0.4,0.7
1,371.54976557940245,0,1,0,0.5,0.6,0.4,0.7
2,572.5006929133087,0,2,0,0.5,0.6,0.4,0.7
2,29.274127213284373,1,3,0,0.5,0.6,0.4,0.7
2,348.77646644599736,1,3,0,0.5,0.6,0.4,0.7
3,431.23404565267265,0,4,0,0.5,0.6,0.4,0.7
2,673.0862664990127,1,5,0,0.5,0.6,0.4,0.7
3,801.7806166317314,0,4,0,0.5,0.6,0.4,0.7
4,190.33098057843745,1,2,0,0.5,0.6,0.4,0.7
4,813.62559273839,1,3,0,0.5,0.6,0.4,0.7
1,373.6843636725098,0,1,0,0.5,0.6,0.4,0.7
2,339.3676357809454,1,3,0,0.5,0.6,0.4,0.7
2,134.77928400970995,1,3,0,0.5,0.6,0.4,0.7
4,765.6440671999007,1,3,0,0.5,0.6,0.4,0.7
4,208.87814043089747,1,1,0,0.5,0.6,0.4,0.7
4,582.2898265905678,1,3,0,0.5,0.6,0.4,0.7
3,261.7939554620534,0,5,0,0.5,0.6,0.4,0.7
0,3.22811771184206,0,5,0,0.5,0.6,0.4,0.7
2,810.0009991321713,1,4,0,0.5,0.6,0.4,0.7
3,927.9848898295313,0,3,0,0.5,0.6,0.4,0.7
2,391.0522782243788,1,3,0,0.5,0.6,0.4,0.7
4,252.73400521837175,1,2,0,0.5,0.6,0.4,0.7
3,929.8138972371817,0,5,0,0.5,0.6,0.4,0.7
2,366.63508927449584,1,3,0,0.5,0.6,0.4,0.7
4,10.366820963099599,1,2,0,0.5,0.6,0.4,0.7
2,792.4069680739194,0,2,0,0.5,0.6,0.4,0.7
3,335.0544632412493,0,4,0,0.5,0.6,0.4,0.7
3,380.81719959154725,0,3,0,0.5,0.6,0.4,0.7
3,52.4356693495065,0,3,0,0.5,0.6,0.4,0.7
4,992.3157780431211,1,2,0,0.5,0.6,0.4,0.7
2,874.4712818879634,1,6,0,0.5,0.6,0.4,0.7
3,77.87989894859493,0,4,0,0.5,0.6,0.4,0.7
0,1.359567977488041,0,4,0,0.5,0.6,0.4,0.7
3,302.84700519405305,0,2,0,0.5,0.6,0.4,0.7
4,926.0638896375895,1,1,0,0.5,0.6,0.4,0.7
2,15.44571085833013,1,4,0,0.5,0.6,0.4,0.7
3,428.3255289774388,0,5,0,0.5,0.6,0.4,0.7
3,455.04375896416605,0,5,0,0.5,0.6,0.4,0.7
4,736.4304126240313,1,2,0,0.5,0.6,0.4,0.7
2,978.0595446936786,1,4,0,0.5,0.6,0.4,0.7
2,148.89028994366527,1,5,0,0.5,0.6,0.4,0.7
4,710.412388201803,1,2,0,0.5,0.6,0.4,0.7
3,235.4757071007043,0,4,0,0.5,0.6,0.4,0.7
3,198.90122953802347,0,4,0,0.5,0.6,0.4,0.7
2,286.4274997264147,1,4,0,0.5,0.6,0.4,0.7
3,792.6124124787748,0,5,0,0.5,0.6,0.4,0.7
2,753.895893227309,1,4,0,0.5,0.6,0.4,0.7
2,16.286936588585377,1,4,0,0.5,0.6,0.4,0.7
3,225.58571305125952,0,2,0,0.5,0.6,0.4,0.7
2,790.9083156846464,1,6,0,0.5,0.6,0.4,0.7
3,503.387721022591,0,4,0,0.5,0.6,0.4,0.7
2,561.9763415306807,1,4,0,0.5,0.6,0.4,0.7
4,572.0849295612425,1,3,0,0.5,0.6,0.4,0.7
4,665.3194283135235,1,1,0,0.5,0.6,0.4,0.7
0,28.663145378232002,0,5,0,0.5,0.6,0.4,0.7
2,45.91888375580311,1,4,0,0.5,0.6,0.4,0.7
2,100.07375245913863,1,4,0,0.5,0.6,0.4,0.7
1,64.27897443063557,0,0,0,0.5,0.6,0.4,0.7
3,633.1639033742249,0,4,0,0.5,0.6,0.4,0.7
2,234.9024552386254,1,7,0,0.5,0.6,0.4,0.7
1,849.9145610257983,0,1,0,0.5,0.6,0.4,0.7
4,892.4996603745967,1,3,0,0.5,0.6,0.4,0.7
4,538.7557549402118,1,1,0,0.5,0.6,0.4,0.7
3,32.800931483507156,0,2,0,0.5,0.6,0.4,0.7
1,553.8246266078204,0,0,0,0.5,0.6,0.4,0.7
1,976.9450235180557,0,1,0,0.5,0.6,0.4,0.7
3,112.72037262097001,0,4,0,0.5,0.6,0.4,0.7
2,433.0594090279192,1,4,0,0.5,0.6,0.4,0.7
3,437.13413993828,0,5,0,0.5,0.6,0.4,0.7
4,659.6970376558602,1,1,0,0.5,0.6,0.4,0.7
2,552.650785073638,1,4,0,0.5,0.6,0.4,0.7
4,960.2050718385726,1,1,0,0.5,0.6,0.4,0.7
4,314.99384879134595,1,1,0,0.5,0.6,0.4,0.7
1,941.0056595224887,0,1,0,0.5,0.6,0.4,0.7
3,590.3734415769577,0,5,0,0.5,0.6,0.4,0.7
1,707.0898630190641,0,1,0,0.5,0.6,0.4,0.7
4,782.0281675085425,1,0,0,0.5,0.6,0.4,0.7
3,433.83757397532463,0,3,0,0.5,0.6,0.4,0.7
3,918.8641118817031,0,7,0,0.5,0.6,0.4,0.7
3,289.3876926973462,0,2,0,0.5,0.6,0.4,0.7
3,96.53555043041706,0,3,0,0.5,0.6,0.4,0.7
4,345.46680515632033,1,2,0,0.5,0.6,0.4,0.7
0,4.20257868245244,0,1,0,0.5,0.6,0.4,0.7
3,917.1223440207541,0,4,0,0.5,0.6,0.4,0.7
4,559.3520030379295,1,1,0,0.5,0.6,0.4,0.7
0,112.7087667118758,0,7,0,0.5,0.6,0.4,0.7
3,458.70321104303,0,5,0,0.5,0.6,0.4,0.7
2,798.9392757881433,0,2,0,0.5,0.6,0.4,0.7
4,504.38563618808985,1,0,0,0.5,0.6,0.4,0.7
3,599.8330437578261,0,3,0,0.5,0.6,0.4,0.7
2,8.406351553276181,1,3,0,0.5,0.6,0.4,0.7
2,466.009866213426,1,5,0,0.5,0.6,0.4,0.7
4,685.0902752485126,1,2,0,0.5,0.6,0.4,0.7
3,223.42552314512432,0,3,0,0.5,0.6,0.4,0.7
4,772.6568484213203,1,3,0,0.5,0.6,0.4,0.7
4,274.6485897805542,1,1,0,0.5,0.6,0.4,0.7
2,909.2486461158842,1,4,0,0.5,0.6,0.4,0.7
2,993.4517676010728,1,4,0,0.5,0.6,0.4,0.7
3,800.6642071995884,0,4,0,0.5,0.6,0.4,0.7
2,782.2189049329609,0,2,0,0.5,0.6,0.4,0.7
1,986.9302005972713,0,1,0,0.5,0.6,0.4,0.7
2,555.9132981579751,0,2,0,0.5,0.6,0.4,0.7
2,506.23776321299374,1,6,0,0.5,0.6,0.4,0.7
1,232.82231274060905,0,1,0,0.5,0.6,0.4,0.7
2,650.231872452423,1,5,0,0.5,0.6,0.4,0.7
3,291.32637451402843,0,6,0,0.5,0.6,0.4,0.7
3,805.2582980599254,0,4,0,0.5,0.6,0.4,0.7
2,499.53386513516307,0,2,0,0.5,0.6,0.4,0.7
4,67.78379855677485,1,1,0,0.5,0.6,0.4,0.7
2,110.58625183068216,1,4,0,0.5,0.6,0.4,0.7
1,969.790760660544,0,1,0,0.5,0.6,0.4,0.7
3,788.7948835268617,0,3,0,0.5,0.6,0.4,0.7
4,578.4686240367591,1,2,0,0.5,0.6,0.4,0.7
2,956.5386173781008,1,5,0,0.5,0.6,0.4,0.7
4,939.1413368284702,1,2,0,0.5,0.6,0.4,0.7
0,16.07957831583917,0,3,0,0.5,0.6,0.4,0.7
4,226.31750558502972,1,2,0,0.5,0.6,0.4,0.7
1,697.6424255408347,0,1,0,0.5,0.6,0.4,0.7
3,479.77274050936103,0,5,0,0.5,0.6,0.4,0.7
4,642.5594093743712,1,2,0,0.5,0.6,0.4,0.7
2,158.81356317549944,1,6,0,0.5,0.6,0.4,0.7
3,367.3227811232209,0,3,0,0.5,0.6,0.4,0.7
3,896.6990418266505,0,5,0,0.5,0.6,0.4,0.7
4,40.39530945010483,1,2,0,0.5,0.6,0.4,0.7
3,448.58338590711355,0,3,0,0.5,0.6,0.4,0.7
2,452.93186395429075,1,4,0,0.5,0.6,0.4,0.7
2,883.3440926391631,1,5,0,0.5,0.6,0.4,0.7
4,722.103577805683,1,2,0,0.5,0.6,0.4,0.7
1,916.0418210085481,0,1,0,0.5,0.6,0.4,0.7
3,317.38505442626774,0,3,0,0.5,0.6,0.4,0.7
2,298.29138750210404,1,3,0,0.5,0.6,0.4,0.7
2,791.6880925185978,1,6,0,0.5,0.6,0.4,0.7
4,545.6310724839568,1,3,0,0.5,0.6,0.4,0.7
4,913.843693677336,1,1,0,0.5,0.6,0.4,0.7
3,446.7959301546216,0,6,0,0.5,0.6,0.4,0.7
2,242.5464764237404,1,3,0,0.5,0.6,0.4,0.7
2,577.4902859702706,0,2,0,0.5,0.6,0.4,0.7
3,197.28331384249032,0,3,0,0.5,0.6,0.4,0.7
3,279.951173113659,0,4,0,0.5,0.6,0.4,0.7
3,609.6863569691777,0,4,0,0.5,0.6,0.4,0.7
3,496.79277604445815,0,4,0,0.5,0.6,0.4,0.7
2,594.6370966266841,1,5,0,0.5,0.6,0.4,0.7
2,817.1336490195245,1,4,0,0.5,0.6,0.4,0.7
0,0.806375639513135,1,6,0,0.5,0.6,0.4,0.7
4,164.8890001233667,1,2,0,0.5,0.6,0.4,0.7
4,745.1390626374632,1,3,0,0.5,0.6,0.4,0.7
4,131.9047815632075,1,0,0,0.5,0.6,0.4,0.7
2,344.2984349094331,1,7,0,0.5,0.6,0.4,0.7
3,974.3775832466781,0,4,0,0.5,0.6,0.4,0.7
3,175.20372802391648,0,2,0,0.5,0.6,0.4,0.7
2,752.5870599783957,0,2,0,0.5,0.6,0.4,0.7
3,124.3842972908169,0,2,0,0.5,0.6,0.4,0.7
2,778.1584428157657,1,7,0,0.5,0.6,0.4,0.7
4,614.2979178112,1,2,0,0.5,0.6,0.4,0.7
3,495.8038064651191,0,4,0,0.5,0.6,0.4,0.7
4,413.9978636521846,1,3,0,0.5,0.6,0.4,0.7
2,635.7467481866479,0,2,0,0.5,0.6,0.4,0.7
2,449.7956009581685,0,2,0,0.5,0.6,0.4,0.7
2,978.0591416638345,1,4,0,0.5,0.6,0.4,0.7
3,835.6627512257546,0,4,0,0.5,0.6,0.4,0.7
2,191.84678350575268,1,4,0,0.5,0.6,0.4,0.7
4,390.22531919181347,1,1,0,0.5,0.6,0.4,0.7
3,537.4383663292974,0,3,0,0.5,0.6,0.4,0.7
4,205.18867019563913,1,1,0,0.5,0.6,0.4,0.7
4,252.27634143084288,1,1,0,0.5,0.6,0.4,0.7
4,550.5723410751671,1,3,0,0.5,0.6,0.4,0.7
4,48.38207736611366,1,2,0,0.5,0.6,0.4,0.7
2,825.6645163055509,0,2,0,0.5,0.6,0.4,0.7
4,855.8656079694629,1,0,0,0.5,0.6,0.4,0.7
2,740.4312083963305,1,4,0,0.5,0.6,0.4,0.7
3,939.7434692364186,0,6,0,0.5,0.6,0.4,0.7
4,21.69902971945703,1,2,0,0.5,0.6,0.4,0.7
3,650.6373814772815,0,3,0,0.5,0.6,0.4,0.7
4,217.34252758324146,1,0,0,0.5,0.6,0.4,0.7
4,32.50341257080436,1,2,0,0.5,0.6,0.4,0.7
4,431.267335312441,1,1,0,0.5,0.6,0.4,0.7
3,886.2070457544178,0,4,0,0.5,0.6,0.4,0.7
3,816.6415800806135,0,3,0,0.5,0.6,0.4,0.7
3,129.92429244332016,0,2,0,0.5,0.6,0.4,0.7
3,915.4482469893992,0,4,0,0.5,0.6,0.4,0.7
1,264.70157667063177,0,1,0,0.5,0.6,0.4,0.7
4,481.893167598173,1,3,0,0.5,0.6,0.4,0.7
4,868.3419476728886,1,3,0,0.5,0.6,0.4,0.7
2,731.2935655936599,1,4,0,0.5,0.6,0.4,0.7
3,691.3364077918231,0,5,0,0.5,0.6,0.4,0.7
3,391.09273231588304,0,3,0,0.5,0.6,0.4,0.7
2,239.25045086070895,1,4,0,0.5,0.6,0.4,0.7
1,238.58697176910937,0,1,0,0.5,0.6,0.4,0.7
4,577.5105024222285,1,2,0,0.5,0.6,0.4,0.7
2,229.54261838458478,1,3,0,0.5,0.6,0.4,0.7
4,588.1416478659958,1,2,0,0.5,0.6,0.4,0.7
3,384.65806166641414,0,3,0,0.5,0.6,0.4,0.7
4,905.9105247724801,1,2,0,0.5,0.6,0.4,0.7
4,887.2623436618596,1,3,0,0.5,0.6,0.4,0.7
2,217.53510227426887,1,5,0,0.5,0.6,0.4,0.7
2,594.4339949637651,0,2,0,0.5,0.6,0.4,0.7
3,995.9289480466396,0,3,0,0.5,0.6,0.4,0.7
2,651.051620952785,1,4,0,0.5,0.6,0.4,0.7
1,776.3556318823248,0,1,0,0.5,0.6,0.4,0.7
2,617.4340527504683,0,2,0,0.5,0.6,0.4,0.7
4,27.387337060645223,1,2,0,0.5,0.6,0.4,0.7
4,908.2364360801876,1,2,0,0.5,0.6,0.4,0.7
4,903.45190721564,1,1,0,0.5,0.6,0.4,0.7
3,299.5035301428288,0,2,0,0.5,0.6,0.4,0.7
4,415.9855998586863,1,3,0,0.5,0.6,0.4,0.7
4,772.1410996746272,1,3,0,0.5,0.6,0.4,0.7
2,508.9759591501206,1,4,0,0.5,0.6,0.4,0.7
1,996.9059969298542,0,1,0,0.5,0.6,0.4,0.7
2,94.67249736189842,1,3,0,0.5,0.6,0.4,0.7
4,769.7992895264179,1,3,0,0.5,0.6,0.4,0.7
4,226.9725683145225,1,2,0,0.5,0.6,0.4,0.7
4,96.01501049473882,1,2,0,0.5,0.6,0.4,0.7
4,319.1072605550289,1,2,0,0.5,0.6,0.4,0.7
3,658.3781770896167,0,3,0,0.5,0.6,0.4,0.7
4,483.3793300203979,1,0,0,0.5,0.6,0.4,0.7
2,195.64213464036584,1,3,0,0.5,0.6,0.4,0.7
1,283.7251846212894,0,1,0,0.5,0.6,0.4,0.7
3,237.08786768838763,0,2,0,0.5,0.6,0.4,0.7
4,569.4284560158849,1,2,0,0.5,0.6,0.4,0.7
4,82.7647924888879,1,1,0,0.5,0.6,0.4,0.7
2,510.90669841505587,0,2,0,0.5,0.6,0.4,0.7
4,100.2474797423929,1,1,0,0.5,0.6,0.4,0.7
2,231.77959327585995,1,3,0,0.5,0.6,0.4,0.7
4,376.34271988645196,1,2,0,0.5,0.6,0.4,0.7
2,491.331375669688,1,4,0,0.5,0.6,0.4,0.7
2,640.0276196654886,1,5,0,0.5,0.6,0.4,0.7
2,869.1628861706704,1,5,0,0.5,0.6,0.4,0.7
3,317.81588052399457,0,4,0,0.5,0.6,0.4,0.7
2,220.69119196385145,1,5,0,0.5,0.6,0.4,0.7
3,911.2324947491288,0,5,0,0.5,0.6,0.4,0.7
4,692.1546303201467,1,3,0,0.5,0.6,0.4,0.7
2,711.598044494167,1,4,0,0.5,0.6,0.4,0.7
3,297.98910627141595,0,4,0,0.5,0.6,0.4,0.7
2,599.2770167067647,0,2,0,0.5,0.6,0.4,0.7
4,929.9012399278581,1,3,0,0.5,0.6,0.4,0.7
3,113.68856229819357,0,4,0,0.5,0.6,0.4,0.7
3,973.2599609997123,0,3,0,0.5,0.6,0.4,0.7
1,988.9920887071639,0,1,0,0.5,0.6,0.4,0.7
3,90.48579726368189,0,3,0,0.5,0.6,0.4,0.7
2,519.8990770149976,1,4,0,0.5,0.6,0.4,0.7
2,96.06783417984843,1,4,0,0.5,0.6,0.4,0.7
4,547.1908093895763,1,1,0,0.5,0.6,0.4,0.7
4,147.75812067091465,1,2,0,0.5,0.6,0.4,0.7
3,76.87186822295189,0,5,0,0.5,0.6,0.4,0.7
4,355.6023349519819,1,2,0,0.5,0.6,0.4,0.7
2,976.1020361911505,1,4,0,0.5,0.6,0.4,0.7
3,363.3232773281634,0,4,0,0.5,0.6,0.4,0.7
4,332.9686901997775,1,0,0,0.5,0.6,0.4,0.7
3,846.3755294214934,0,6,0,0.5,0.6,0.4,0.7
0,20.711937686428428,0,2,0,0.5,0.6,0.4,0.7
3,193.47466924227774,0,2,0,0.5,0.6,0.4,0.7
3,223.96344179287553,0,4,0,0.5,0.6,0.4,0.7
4,71.52081769891083,1,1,0,0.5,0.6,0.4,0.7
4,412.2902585659176,1,3,0,0.5,0.6,0.4,0.7
4,619.7015140205622,1,1,0,0.5,0.6,0.4,0.7
4,846.1521309800446,1,2,0,0.5,0.6,0.4,0.7
2,822.1147435251623,1,4,0,0.5,0.6,0.4,0.7
3,256.3693872652948,0,4,0,0.5,0.6,0.4,0.7
3,881.1239427886903,0,4,0,0.5,0.6,0.4,0.7
2,611.4519741386175,1,5,0,0.5,0.6,0.4,0.7
4,374.37041802331805,1,2,0,0.5,0.6,0.4,0.7
3,283.28945860266685,0,2,0,0.5,0.6,0.4,0.7
4,700.8399160113186,1,2,0,0.5,0.6,0.4,0.7
2,810.9671396669,0,2,0,0.5,0.6,0.4,0.7
2,932.5263139326125,0,2,0,0.5,0.6,0.4,0.7
2,546.7172798234969,1,7,0,0.5,0.6,0.4,0.7
2,202.37279124557972,1,3,0,0.5,0.6,0.4,0.7
2,662.4574880115688,1,4,0,0.5,0.6,0.4,0.7
3,404.440735001117,0,3,0,0.5,0.6,0.4,0.7
1,527.2980986628681,0,0,0,0.5,0.6,0.4,0.7
0,58.17005387507379,0,5,0,0.5,0.6,0.4,0.7
1,881.9404514506459,0,1,0,0.5,0.6,0.4,0.7
2,766.3125568069518,1,5,0,0.5,0.6,0.4,0.7
2,282.78711810708046,1,3,0,0.5,0.6,0.4,0.7
1,534.3692556489259,0,1,0,0.5,0.6,0.4,0.7
3,451.18084317073226,0,3,0,0.5,0.6,0.4,0.7
0,22.781497798860073,0,2,0,0.5,0.6,0.4,0.7
4,435.49784109927714,1,2,0,0.5,0.6,0.4,0.7
4,89.88733496516943,1,1,0,0.5,0.6,0.4,0.7
4,409.17623322457075,1,2,0,0.5,0.6,0.4,0.7
1,290.27378908358514,0,1,0,0.5,0.6,0.4,0.7
1,694.9037604499608,0,1,0,0.5,0.6,0.4,0.7
4,591.9360076077282,1,3,0,0.5,0.6,0.4,0.7
1,566.1516916006804,0,1,0,0.5,0.6,0.4,0.7
1,890.7018995378166,0,1,0,0.5,0.6,0.4,0.7
2,882.9918573610485,0,2,0,0.5,0.6,0.4,0.7
4,892.5720597617328,1,1,0,0.5,0.6,0.4,0.7
4,444.9253238271922,1,3,0,0.5,0.6,0.4,0.7
2,526.3457694090903,0,2,0,0.5,0.6,0.4,0.7
2,736.7878118529916,1,4,0,0.5,0.6,0.4,0.7
4,831.9142763502896,1,3,0,0.5,0.6,0.4,0.7
2,203.22576817125082,1,7,0,0.5,0.6,0.4,0.7
0,17.307066125795245,0,1,0,0.5,0.6,0.4,0.7
2,257.1689847391099,1,3,0,0.5,0.6,0.4,0.7
4,647.9372945614159,1,3,0,0.5,0.6,0.4,0.7
3,385.4676114860922,0,4,0,0.5,0.6,0.4,0.7
1,487.5341628212482,0,1,0,0.5,0.6,0.4,0.7
2,256.0092799831182,1,3,0,0.5,0.6,0.4,0.7
2,214.42602109164,1,3,0,0.5,0.6,0.4,0.7
1,617.3658592160791,0,1,0,0.5,0.6,0.4,0.7
2,131.05591665953398,1,5,0,0.5,0.6,0.4,0.7
3,367.6462359726429,0,4,0,0.5,0.6,0.4,0.7
4,599.8480799607933,1,3,0,0.5,0.6,0.4,0.7
3,75.7767993491143,0,4,0,0.5,0.6,0.4,0.7
4,712.2049604076892,1,2,0,0.5,0.6,0.4,0.7
1,470.0373748783022,0,1,0,0.5,0.6,0.4,0.7
3,995.4608166590333,0,4,0,0.5,0.6,0.4,0.7
4,472.85388386808336,1,2,0,0.5,0.6,0.4,0.7
3,707.7009999193251,0,4,0,0.5,0.6,0.4,0.7
2,859.9608270451427,1,5,0,0.5,0.6,0.4,0.7
2,196.21131825260818,1,5,0,0.5,0.6,0.4,0.7
4,355.43812857940793,1,2,0,0.5,0.6,0.4,0.7
1,995.2190194744617,0,1,0,0.5,0.6,0.4,0.7
2,186.76887964829803,1,4,0,0.5,0.6,0.4,0.7
1,51.3903817627579,0,1,0,0.5,0.6,0.4,0.7
3,752.6555196382105,0,3,0,0.5,0.6,0.4,0.7
2,340.8906105905771,1,4,0,0.5,0.6,0.4,0.7
4,105.41338054463267,1,2,0,0.5,0.6,0.4,0.7
2,360.46376288868487,1,3,0,0.5,0.6,0.4,0.7
4,675.7812099531293,1,2,0,0.5,0.6,0.4,0.7
2,183.53267945349216,1,5,0,0.5,0.6,0.4,0.7
4,583.8165571913123,1,3,0,0.5,0.6,0.4,0.7
3,260.23160852491856,0,2,0,0.5,0.6,0.4,0.7
3,97.83357731066644,0,2,0,0.5,0.6,0.4,0.7
2,499.18552534654737,1,7,0,0.5,0.6,0.4,0.7
4,143.98175198584795,1,2,0,0.5,0.6,0.4,0.7
2,93.72515743598342,1,3,0,0.5,0.6,0.4,0.7
2,861.1242673359811,1,5,0,0.5,0.6,0.4,0.7
4,847.4430704955012,1,3,0,0.5,0.6,0.4,0.7
3,562.2253527399153,0,6,0,0.5,0.6,0.4,0.7
1,856.1298744753003,0,0,0,0.5,0.6,0.4,0.7
2,344.7469947859645,1,5,0,0.5,0.6,0.4,0.7
3,813.7010911013931,0,7,0,0.5,0.6,0.4,0.7
3,370.0447727460414,0,4,0,0.5,0.6,0.4,0.7
3,925.8251099381596,0,5,0,0.5,0.6,0.4,0.7
2,179.7645245678723,1,4,0,0.5,0.6,0.4,0.7
2,703.8922866340727,0,2,0,0.5,0.6,0.4,0.7
3,601.9000117667019,0,5,0,0.5,0.6,0.4,0.7
3,616.6618866845965,0,6,0,0.5,0.6,0.4,0.7
4,139.37786151655018,1,2,0,0.5,0.6,0.4,0.7
2,419.68944761902094,0,2,0,0.5,0.6,0.4,0.7
3,212.55756309255958,0,2,0,0.5,0.6,0.4,0.7
2,410.97678942605853,1,4,0,0.5,0.6,0.4,0.7
3,609.3190261162817,0,4,0,0.5,0.6,0.4,0.7
4,838.4357918985188,1,1,0,0.5,0.6,0.4,0.7
4,807.6627771370113,1,2,0,0.5,0.6,0.4,0.7
2,80.48036741092801,1,3,0,0.5,0.6,0.4,0.7
4,254.48447582311928,1,2,0,0.5,0.6,0.4,0.7
4,824.2753595113754,1,2,0,0.5,0.6,0.4,0.7
3,187.72873212583363,0,4,0,0.5,0.6,0.4,0.7
3,925.3137009218335,0,5,0,0.5,0.6,0.4,0.7
2,589.8994912859052,1,4,0,0.5,0.6,0.4,0.7
3,236.01208720356226,0,5,0,0.5,0.6,0.4,0.7
3,222.77842555195093,0,2,0,0.5,0.6,0.4,0.7
3,572.9101754259318,0,6,0,0.5,0.6,0.4,0.7
2,678.4880848135799,0,2,0,0.5,0.6,0.4,0.7
3,335.5286158621311,0,4,0,0.5,0.6,0.4,0.7
0,39.60365639068186,0,6,0,0.5,0.6,0.4,0.7
3,839.6034699399024,0,4,0,0.5,0.6,0.4,0.7
4,671.1846806574613,1,1,0,0.5,0.6,0.4,0.7
3,504.53016930259764,0,5,0,0.5,0.6,0.4,0.7
4,661.7461249697953,1,0,0,0.5,0.6,0.4,0.7
2,206.14720392040908,1,3,0,0.5,0.6,0.4,0.7
0,10.50107879564166,0,4,0,0.5,0.6,0.4,0.7
4,763.1829415913671,1,2,0,0.5,0.6,0.4,0.7
2,410.05643364042044,0,2,0,0.5,0.6,0.4,0.7
1,686.1214248929173,0,0,0,0.5,0.6,0.4,0.7
1,670.681000687182,0,1,0,0.5,0.6,0.4,0.7
2,307.0355134550482,1,4,0,0.5,0.6,0.4,0.7
0,27.099720435217023,0,2,0,0.5,0.6,0.4,0.7
3,603.7698402069509,0,3,0,0.5,0.6,0.4,0.7
2,805.1312197931111,1,5,0,0.5,0.6,0.4,0.7
1,260.9336788300425,0,1,0,0.5,0.6,0.4,0.7
4,479.5648993458599,1,2,0,0.5,0.6,0.4,0.7
2,149.32580571621656,1,3,0,0.5,0.6,0.4,0.7
3,379.1603911668062,0,2,0,0.5,0.6,0.4,0.7
4,507.2293565608561,1,0,0,0.5,0.6,0.4,0.7
2,543.992810882628,0,2,0,0.5,0.6,0.4,0.7
2,931.6790697630495,0,2,0,0.5,0.6,0.4,0.7
0,2.039088634774089,0,2,0,0.5,0.6,0.4,0.7
1,552.6982164010406,0,1,0,0.5,0.6,0.4,0.7
2,253.3334067557007,1,3,0,0.5,0.6,0.4,0.7
2,315.32489811070263,1,3,0,0.5,0.6,0.4,0.7
3,302.47668316587806,0,2,0,0.5,0.6,0.4,0.7
4,51.43373948521912,1,2,0,0.5,0.6,0.4,0.7
2,227.48578456230462,1,3,0,0.5,0.6,0.4,0.7
2,800.4653458483517,1,4,0,0.5,0.6,0.4,0.7
3,571.8170283362269,0,3,0,0.5,0.6,0.4,0.7
4,928.0617334879935,1,2,0,0.5,0.6,0.4,0.7
3,270.98849858157337,0,2,0,0.5,0.6,0.4,0.7
2,458.6390182375908,1,4,0,0.5,0.6,0.4,0.7
3,299.53777859918773,0,3,0,0.5,0.6,0.4,0.7
4,207.17424130998552,1,0,0,0.5,0.6,0.4,0.7
4,570.7883164286613,1,2,0,0.5,0.6,0.4,0.7
3,961.9742627255619,0,5,0,0.5,0.6,0.4,0.7
3,188.93587868660688,0,3,0,0.5,0.6,0.4,0.7
3,314.9303912650794,0,2,0,0.5,0.6,0.4,0.7
2,431.4309130422771,0,2,0,0.5,0.6,0.4,0.7
4,864.3511708360165,1,2,0,0.5,0.6,0.4,0.7
3,952.9372998513281,0,4,0,0.5,0.6,0.4,0.7
3,135.85419859737158,0,6,0,0.5,0.6,0.4,0.7
4,746.7884407378733,1,3,0,0.5,0.6,0.4,0.7
3,711.1578199546784,0,5,0,0.5,0.6,0.4,0.7
2,924.5254066772759,0,2,0,0.5,0.6,0.4,0.7
3,259.2853212263435,0,4,0,0.5,0.6,0.4,0.7
4,240.54610799066722,1,2,0,0.5,0.6,0.4,0.7
4,754.658835940063,1,1,0,0.5,0.6,0.4,0.7
4,851.078303065151,1,1,0,0.5,0.6,0.4,0.7
2,909.1783659532666,1,5,0,0.5,0.6,0.4,0.7
3,179.66302786953747,0,6,0,0.5,0.6,0.4,0.7
1,256.2461793422699,0,0,0,0.5,0.6,0.4,0.7
4,862.5160297378898,1,3,0,0.5,0.6,0.4,0.7
3,926.8498981837183,0,4,0,0.5,0.6,0.4,0.7
3,897.9346042033285,0,5,0,0.5,0.6,0.4,0.7
1,124.10415848717093,0,0,0,0.5,0.6,0.4,0.7
2,39.45898241363466,1,3,0,0.5,0.6,0.4,0.7
3,283.522957470268,0,4,0,0.5,0.6,0.4,0.7
4,742.1687548048794,1,1,0,0.5,0.6,0.4,0.7
2,272.7214037440717,1,5,0,0.5,0.6,0.4,0.7
2,32.30600222013891,1,5,0,0.5,0.6,0.4,0.7
3,123.21249837987125,0,2,0,0.5,0.6,0.4,0.7
1,202.31885509565473,0,1,0,0.5,0.6,0.4,0.7
4,557.4338210280985,1,0,0,0.5,0.6,0.4,0.7
3,475.28802743181586,0,3,0,0.5,0.6,0.4,0.7
2,194.2938412539661,1,6,0,0.5,0.6,0.4,0.7
2,167.1953061595559,1,7,0,0.5,0.6,0.4,0.7
3,813.0769797135144,0,4,0,0.5,0.6,0.4,0.7
4,216.80697984993458,1,2,0,0.5,0.6,0.4,0.7
3,790.8127377741039,0,5,0,0.5,0.6,0.4,0.7
4,347.8756670374423,1,2,0,0.5,0.6,0.4,0.7
3,88.57710123993456,0,2,0,0.5,0.6,0.4,0.7
2,538.4437972679734,1,4,0,0.5,0.6,0.4,0.7
4,498.23623802512884,1,1,0,0.5,0.6,0.4,0.7
3,933.5661558434367,0,4,0,0.5,0.6,0.4,0.7
3,977.3492326494306,0,4,0,0.5,0.6,0.4,0.7
4,778.9307693019509,1,2,0,0.5,0.6,0.4,0.7
3,192.3657802399248,0,5,0,0.5,0.6,0.4,0.7
4,484.94925256818533,1,3,0,0.5,0.6,0.4,0.7
2,461.4285798743367,1,4,0,0.5,0.6,0.4,0.7
3,200.04677562974393,0,7,0,0.5,0.6,0.4,0.7
2,478.63037837669253,0,2,0,0.5,0.6,0.4,0.7
2,8.631243603304029,1,5,0,0.5,0.6,0.4,0.7
4,946.9179254956543,1,3,0,0.5,0.6,0.4,0.7
2,941.8527747038752,1,4,0,0.5,0.6,0.4,0.7
3,798.4346819575876,0,4,0,0.5,0.6,0.4,0.7
3,52.68041347153485,0,3,0,0.5,0.6,0.4,0.7
2,525.5335278343409,1,4,0,0.5,0.6,0.4,0.7
2,898.3837678097188,1,4,0,0.5,0.6,0.4,0.7
3,877.0842952653766,0,6,0,0.5,0.6,0.4,0.7
4,706.4224826171994,1,2,0,0.5,0.6,0.4,0.7
2,732.2273631580174,1,5,0,0.5,0.6,0.4,0.7
3,116.5314584504813,0,5,0,0.5,0.6,0.4,0.7
4,78.9712080731988,1,1,0,0.5,0.6,0.4,0.7
2,504.6196351759136,1,5,0,0.5,0.6,0.4,0.7
2,965.5829942785203,1,6,0,0.5,0.6,0.4,0.7
3,767.046872060746,0,3,0,0.5,0.6,0.4,0.7
4,567.0458762906492,1,3,0,0.5,0.6,0.4,0.7
1,657.9850385896862,0,1,0,0.5,0.6,0.4,0.7
3,122.27157969027758,0,3,0,0.5,0.6,0.4,0.7
1,620.0191823299974,0,1,0,0.5,0.6,0.4,0.7
4,321.1117936298251,1,1,0,0.5,0.6,0.4,0.7
4,170.81901314668357,1,2,0,0.5,0.6,0.4,0.7
2,23.814302869141102,1,3,0,0.5,0.6,0.4,0.7
4,999.1950928233564,1,2,0,0.5,0.6,0.4,0.7
3,354.39297347329557,0,3,0,0.5,0.6,0.4,0.7
4,827.3007064126432,1,2,0,0.5,0.6,0.4,0.7
4,593.0282266344875,1,2,0,0.5,0.6,0.4,0.7
2,472.862500930205,0,2,0,0.5,0.6,0.4,0.7
2,149.89276556298137,1,3,0,0.5,0.6,0.4,0.7
4,584.4604519661516,1,2,0,0.5,0.6,0.4,0.7
3,403.057410614565,0,2,0,0.5,0.6,0.4,0.7
3,664.3424839712679,0,3,0,0.5,0.6,0.4,0.7
4,326.23888016678393,1,0,0,0.5,0.6,0.4,0.7
2,183.5244786925614,1,3,0,0.5,0.6,0.4,0.7
4,91.46061702631414,1,2,0,0.5,0.6,0.4,0.7
3,771.030151983723,0,3,0,0.5,0.6,0.4,0.7
2,435.7909285463393,1,4,0,0.5,0.6,0.4,0.7
2,373.26044379733503,1,4,0,0.5,0.6,0.4,0.7
3,507.72479828447104,0,3,0,0.5,0.6,0.4,0.7
3,69.64039173908532,0,3,0,0.5,0.6,0.4,0.7
2,908.150136237964,1,5,0,0.5,0.6,0.4,0.7
4,468.18537870422006,1,1,0,0.5,0.6,0.4,0.7
4,296.91775399260223,1,2,0,0.5,0.6,0.4,0.7
3,646.9643220771104,0,3,0,0.5,0.6,0.4,0.7
2,232.43357590399683,1,3,0,0.5,0.6,0.4,0.7
3,607.3947101831436,0,4,0,0.5,0.6,0.4,0.7
0,19.297766033560038,0,3,0,0.5,0.6,0.4,0.7
1,524.7907089069486,0,0,0,0.5,0.6,0.4,0.7
2,980.1975167356431,0,2,0,0.5,0.6,0.4,0.7
4,933.1054149661213,1,3,0,0.5,0.6,0.4,0.7
2,771.4047792833298,1,4,0,0.5,0.6,0.4,0.7
2,831.9573567714542,1,4,0,0.5,0.6,0.4,0.7
3,773.5897947568446,0,3,0,0.5,0.6,0.4,0.7
4,275.81701800227165,1,1,0,0.5,0.6,0.4,0.7
3,851.9431105814874,0,6,0,0.5,0.6,0.4,0.7
2,820.8412381354719,1,5,0,0.5,0.6,0.4,0.7
2,883.3854480180889,0,2,0,0.5,0.6,0.4,0.7
3,207.3904168792069,0,4,0,0.5,0.6,0.4,0.7
3,545.4301179852337,0,4,0,0.5,0.6,0.4,0.7
3,461.85583458282053,0,4,0,0.5,0.6,0.4,0.7
2,344.14069657213986,1,4,0,0.5,0.6,0.4,0.7
4,487.24950989708304,1,3,0,0.5,0.6,0.4,0.7
1,458.25801766477525,0,1,0,0.5,0.6,0.4,0.7
3,224.70423625782132,0,4,0,0.5,0.6,0.4,0.7
3,651.15884761326015,0,3,0,0.5,0.6,0.4,0.7
1,385.8882552012801,0,1,0,0.5,0.6,0.4,0.7
1,326.6918316949159,0,1,0,0.5,0.6,0.4,0.7
2,105.74294463731349,1,4,0,0.5,0.6,0.4,0.7
3,72.39545555785298,0,4,0,0.5,0.6,0.4,0.7
3,372.588069178164,0,2,0,0.5,0.6,0.4,0.7
3,703.8195366039872,0,5,0,0.5,0.6,0.4,0.7
1,844.3883499130607,0,1,0,0.5,0.6,0.4,0.7
4,953.0372410081327,1,2,0,0.5,0.6,0.4,0.7
4,782.196206972003,1,3,0,0.5,0.6,0.4,0.7
2,369.6495776530355,1,3,0,0.5,0.6,0.4,0.7
4,36.321031395345926,1,2,0,0.5,0.6,0.4,0.7
2,329.8257398419082,1,4,0,0.5,0.6,0.4,0.7
4,296.43784603103995,1,2,0,0.5,0.6,0.4,0.7
2,366.28335202112794,1,3,0,0.5,0.6,0.4,0.7
3,727.8555606026202,0,6,0,0.5,0.6,0.4,0.7
4,367.8839954081923,1,2,0,0.5,0.6,0.4,0.7
2,280.27554927393794,1,3,0,0.5,0.6,0.4,0.7
2,39.7535408847034,1,3,0,0.5,0.6,0.4,0.7
4,569.1183297894895,1,3,0,0.5,0.6,0.4,0.7
4,234.94774335995317,1,1,0,0.5,0.6,0.4,0.7
4,774.4712282437831,1,0,0,0.5,0.6,0.4,0.7
3,381.22039195150137,0,3,0,0.5,0.6,0.4,0.7
1,47.272499883547425,0,1,0,0.5,0.6,0.4,0.7
2,640.2836441993713,0,2,0,0.5,0.6,0.4,0.7
2,262.02663918957114,1,5,0,0.5,0.6,0.4,0.7
4,560.735801467672,1,2,0,0.5,0.6,0.4,0.7
2,269.18514585122466,1,3,0,0.5,0.6,0.4,0.7
3,323.26130056753755,0,7,0,0.5,0.6,0.4,0.7
3,386.5634938701987,0,2,0,0.5,0.6,0.4,0.7
4,714.9794043507427,1,2,0,0.5,0.6,0.4,0.7
4,549.8666621278971,1,1,0,0.5,0.6,0.4,0.7
3,506.9515199866146,0,3,0,0.5,0.6,0.4,0.7
3,990.6730295624584,0,4,0,0.5,0.6,0.4,0.7
3,750.3151702694595,0,6,0,0.5,0.6,0.4,0.7
2,322.2386322449893,1,7,0,0.5,0.6,0.4,0.7
1,602.79580228962,0,1,0,0.5,0.6,0.4,0.7
3,811.0801184084266,0,5,0,0.5,0.6,0.4,0.7
3,674.2882442194968,0,4,0,0.5,0.6,0.4,0.7
2,758.3123983349651,0,2,0,0.5,0.6,0.4,0.7
3,143.2419850025326,0,3,0,0.5,0.6,0.4,0.7
2,682.53792100586,1,6,0,0.5,0.6,0.4,0.7
4,952.0360727328807,1,2,0,0.5,0.6,0.4,0.7
4,939.6506394259632,1,2,0,0.5,0.6,0.4,0.7
2,723.6167246010154,1,4,0,0.5,0.6,0.4,0.7
3,488.3178984746337,0,3,0,0.5,0.6,0.4,0.7
4,314.86313696950674,1,2,0,0.5,0.6,0.4,0.7
3,349.2784616537392,0,2,0,0.5,0.6,0.4,0.7
2,4.836187465116382,1,3,0,0.5,0.6,0.4,0.7
2,708.0410837661475,0,2,0,0.5,0.6,0.4,0.7
2,808.4198560100049,1,4,0,0.5,0.6,0.4,0.7
4,758.2940640859306,1,2,0,0.5,0.6,0.4,0.7
2,761.4181363023818,1,4,0,0.5,0.6,0.4,0.7
3,311.4933664910495,0,2,0,0.5,0.6,0.4,0.7
4,140.06948051974177,1,2,0,0.5,0.6,0.4,0.7
2,704.8301598988473,1,5,0,0.5,0.6,0.4,0.7
2,418.8930015079677,0,2,0,0.5,0.6,0.4,0.7
2,874.431709991768,1,5,0,0.5,0.6,0.4,0.7
2,880.738589214161,0,2,0,0.5,0.6,0.4,0.7
4,423.26305340975523,1,3,0,0.5,0.6,0.4,0.7
3,707.2587485890836,0,3,0,0.5,0.6,0.4,0.7
3,805.7798142544925,0,5,0,0.5,0.6,0.4,0.7
4,903.7651943508536,1,3,0,0.5,0.6,0.4,0.7
3,446.24525238759816,0,3,0,0.5,0.6,0.4,0.7
2,976.6017801593989,1,4,0,0.5,0.6,0.4,0.7
4,997.4086920265108,1,1,0,0.5,0.6,0.4,0.7
3,140.30256448313594,0,6,0,0.5,0.6,0.4,0.7
4,485.89565651491284,1,2,0,0.5,0.6,0.4,0.7
4,255.082240793854,1,2,0,0.5,0.6,0.4,0.7
3,487.7972595859319,0,3,0,0.5,0.6,0.4,0.7
3,739.6451586391777,0,3,0,0.5,0.6,0.4,0.7
2,318.80864314734936,1,8,0,0.5,0.6,0.4,0.7
0,14.956466387957335,0,1,0,0.5,0.6,0.4,0.7
3,648.1364723294973,0,4,0,0.5,0.6,0.4,0.7
3,984.5541573595256,0,5,0,0.5,0.6,0.4,0.7
1,573.6558882053941,0,1,0,0.5,0.6,0.4,0.7
4,513.8871048111469,1,1,0,0.5,0.6,0.4,0.7
4,719.9478226248175,1,3,0,0.5,0.6,0.4,0.7
4,359.0299787465483,1,1,0,0.5,0.6,0.4,0.7
2,572.9966561775655,0,2,0,0.5,0.6,0.4,0.7
2,880.7029984891415,1,4,0,0.5,0.6,0.4,0.7
2,331.9404795765877,1,4,0,0.5,0.6,0.4,0.7
3,711.6329872515053,0,5,0,0.5,0.6,0.4,0.7
4,698.4678590670228,1,2,0,0.5,0.6,0.4,0.7
3,901.8452083691955,0,3,0,0.5,0.6,0.4,0.7
0,11.978805530816317,0,3,0,0.5,0.6,0.4,0.7
2,295.2143319416791,1,5,0,0.5,0.6,0.4,0.7
4,953.2533846795559,1,1,0,0.5,0.6,0.4,0.7
3,107.45052178390324,0,5,0,0.5,0.6,0.4,0.7
4,574.1812328342348,1,3,0,0.5,0.6,0.4,0.7
4,886.1806399654597,1,1,0,0.5,0.6,0.4,0.7
3,487.24761535413563,0,3,0,0.5,0.6,0.4,0.7
0,3.041408257558942,0,2,0,0.5,0.6,0.4,0.7
3,196.5293255634606,0,2,0,0.5,0.6,0.4,0.7
2,167.94737591408193,1,3,0,0.5,0.6,0.4,0.7
3,341.1017321050167,0,6,0,0.5,0.6,0.4,0.7
4,688.3936945814639,1,2,0,0.5,0.6,0.4,0.7
4,181.54599983245134,1,1,0,0.5,0.6,0.4,0.7
4,676.0744042694569,1,3,0,0.5,0.6,0.4,0.7
2,241.9112608768046,1,3,0,0.5,0.6,0.4,0.7
3,104.78356410749257,0,5,0,0.5,0.6,0.4,0.7
3,351.4534335117787,0,7,0,0.5,0.6,0.4,0.7
2,114.54229103401303,1,4,0,0.5,0.6,0.4,0.7
3,780.739841517061,0,4,0,0.5,0.6,0.4,0.7
2,937.7110349014401,0,2,0,0.5,0.6,0.4,0.7
4,886.5832730662078,1,1,0,0.5,0.6,0.4,0.7
3,825.0510420184582,0,4,0,0.5,0.6,0.4,0.7
0,53.31385158933699,0,4,0,0.5,0.6,0.4,0.7
1,118.99824952706695,0,0,0,0.5,0.6,0.4,0.7
3,108.22573327459395,0,5,0,0.5,0.6,0.4,0.7
4,52.422137232497334,1,2,0,0.5,0.6,0.4,0.7
2,313.1775420624763,1,4,0,0.5,0.6,0.4,0.7
4,499.592003878206,1,2,0,0.5,0.6,0.4,0.7
2,782.2622619569302,1,6,0,0.5,0.6,0.4,0.7
4,60.63653598539531,1,2,0,0.5,0.6,0.4,0.7
4,761.3252680748701,1,2,0,0.5,0.6,0.4,0.7
3,576.9801882561296,0,5,0,0.5,0.6,0.4,0.7
3,865.0987283326685,0,4,0,0.5,0.6,0.4,0.7
3,146.80276857689023,0,3,0,0.5,0.6,0.4,0.7
2,545.9024023730308,1,5,0,0.5,0.6,0.4,0.7
4,785.20581079646945,1,3,0,0.5,0.6,0.4,0.7
2,659.4539943616837,1,4,0,0.5,0.6,0.4,0.7
1,327.60203699581325,0,0,0,0.5,0.6,0.4,0.7
1,705.9197458438575,0,1,0,0.5,0.6,0.4,0.7
4,819.711692398414,1,0,0,0.5,0.6,0.4,0.7
3,717.2675209585577,0,5,0,0.5,0.6,0.4,0.7
2,966.6483195032924,1,5,0,0.5,0.6,0.4,0.7
3,351.1470751836896,0,4,0,0.5,0.6,0.4,0.7
4,934.9274251144379,1,3,0,0.5,0.6,0.4,0.7
4,159.01999082416296,1,2,0,0.5,0.6,0.4,0.7
3,259.8616376053542,0,4,0,0.5,0.6,0.4,0.7
2,185.33682310953736,1,3,0,0.5,0.6,0.4,0.7
4,680.8175432961434,1,2,0,0.5,0.6,0.4,0.7
4,582.3032171465456,1,2,0,0.5,0.6,0.4,0.7
3,906.9959353655577,0,3,0,0.5,0.6,0.4,0.7
4,521.1927918717265,1,1,0,0.5,0.6,0.4,0.7
1,315.3542091604322,0,1,0,0.5,0.6,0.4,0.7
3,379.39889915287495,0,2,0,0.5,0.6,0.4,0.7
4,597.3617378622293,1,1,0,0.5,0.6,0.4,0.7
2,457.7390120830387,1,4,0,0.5,0.6,0.4,0.7
3,464.2129335552454,0,4,0,0.5,0.6,0.4,0.7
3,787.2514717746526,0,6,0,0.5,0.6,0.4,0.7
2,785.5635359883308,1,4,0,0.5,0.6,0.4,0.7
4,628.5344527568668,1,2,0,0.5,0.6,0.4,0.7
3,198.90265678986907,0,2,0,0.5,0.6,0.4,0.7
2,955.0900398753583,0,2,0,0.5,0.6,0.4,0.7
2,70.43244456872344,1,5,0,0.5,0.6,0.4,0.7
3,726.372275268659,0,5,0,0.5,0.6,0.4,0.7
1,52.73161525838077,0,1,0,0.5,0.6,0.4,0.7
2,998.4352744650096,1,4,0,0.5,0.6,0.4,0.7
4,342.91077172383666,1,1,0,0.5,0.6,0.4,0.7
3,358.2723920699209,0,2,0,0.5,0.6,0.4,0.7
4,530.1365361083299,1,3,0,0.5,0.6,0.4,0.7
3,987.2847783844918,0,4,0,0.5,0.6,0.4,0.7
3,329.24416614696383,0,4,0,0.5,0.6,0.4,0.7
2,929.9455925356597,1,5,0,0.5,0.6,0.4,0.7
3,224.4127164594829,0,2,0,0.5,0.6,0.4,0.7
2,279.5181937981397,1,4,0,0.5,0.6,0.4,0.7
2,190.06376876495779,1,4,0,0.5,0.6,0.4,0.7
3,697.6264324039221,0,3,0,0.5,0.6,0.4,0.7
3,665.7547631766647,0,4,0,0.5,0.6,0.4,0.7
2,298.39153843931854,1,3,0,0.5,0.6,0.4,0.7
4,220.89831298217177,1,1,0,0.5,0.6,0.4,0.7
2,668.6525463592261,1,4,0,0.5,0.6,0.4,0.7
3,167.77764516882598,0,4,0,0.5,0.6,0.4,0.7
3,365.5784234870225,0,6,0,0.5,0.6,0.4,0.7
3,628.3871377818286,0,6,0,0.5,0.6,0.4,0.7
4,725.7415549829602,1,1,0,0.5,0.6,0.4,0.7
3,960.6277563143522,0,5,0,0.5,0.6,0.4,0.7
3,802.0392165053636,0,4,0,0.5,0.6,0.4,0.7
4,5.153934005647898,1,2,0,0.5,0.6,0.4,0.7
4,122.48664535582066,1,2,0,0.5,0.6,0.4,0.7
3,248.9549028687179,0,6,0,0.5,0.6,0.4,0.7
2,954.5486660208553,0,2,0,0.5,0.6,0.4,0.7
3,402.61514438316226,0,3,0,0.5,0.6,0.4,0.7
3,432.8851094469428,0,3,0,0.5,0.6,0.4,0.7
2,401.0532586835325,1,6,0,0.5,0.6,0.4,0.7
3,800.3625143319368,0,5,0,0.5,0.6,0.4,0.7
4,600.3777785226703,1,0,0,0.5,0.6,0.4,0.7
4,771.0571344941854,1,1,0,0.5,0.6,0.4,0.7
3,746.140721719712,0,5,0,0.5,0.6,0.4,0.7
2,654.1371832136065,1,8,0,0.5,0.6,0.4,0.7
2,291.7979864869267,1,6,0,0.5,0.6,0.4,0.7
4,420.2283779159188,1,1,0,0.5,0.6,0.4,0.7
4,500.5480796098709,1,2,0,0.5,0.6,0.4,0.7
1,206.94616856053472,0,1,0,0.5,0.6,0.4,0.7
2,88.46032456494868,1,3,0,0.5,0.6,0.4,0.7
2,507.02999136410654,1,7,0,0.5,0.6,0.4,0.7
2,786.8146307300776,1,4,0,0.5,0.6,0.4,0.7
4,92.72672957740724,1,2,0,0.5,0.6,0.4,0.7
2,336.53708174824715,1,3,0,0.5,0.6,0.4,0.7
3,587.498081382364,0,5,0,0.5,0.6,0.4,0.7
4,638.1136926356703,1,3,0,0.5,0.6,0.4,0.7
3,309.07861632294953,0,4,0,0.5,0.6,0.4,0.7
3,907.1742070373148,0,3,0,0.5,0.6,0.4,0.7
4,706.0042670927942,1,0,0,0.5,0.6,0.4,0.7
3,578.3540231641382,0,3,0,0.5,0.6,0.4,0.7
4,782.6663837768137,1,1,0,0.5,0.6,0.4,0.7
4,610.9461667947471,1,3,0,0.5,0.6,0.4,0.7
3,889.6496524102986,0,3,0,0.5,0.6,0.4,0.7
2,485.50610104575753,1,5,0,0.5,0.6,0.4,0.7
4,900.704930536449,1,0,0,0.5,0.6,0.4,0.7
2,369.5370394270867,1,3,0,0.5,0.6,0.4,0.7
0,17.128521343693137,0,3,0,0.5,0.6,0.4,0.7
3,268.1142014916986,0,4,0,0.5,0.6,0.4,0.7
1,565.4066735878587,0,1,0,0.5,0.6,0.4,0.7
4,650.2637939993292,1,3,0,0.5,0.6,0.4,0.7
3,278.97141803987324,0,2,0,0.5,0.6,0.4,0.7
3,190.01154857687652,0,4,0,0.5,0.6,0.4,0.7
2,685.0665202364326,0,2,0,0.5,0.6,0.4,0.7
4,804.1377090848982,1,2,0,0.5,0.6,0.4,0.7
2,512.0827960781753,1,6,0,0.5,0.6,0.4,0.7
4,566.6526788845658,1,3,0,0.5,0.6,0.4,0.7
4,619.5948533713818,1,2,0,0.5,0.6,0.4,0.7
2,575.4370223730803,1,6,0,0.5,0.6,0.4,0.7
4,37.772617070004344,1,2,0,0.5,0.6,0.4,0.7
2,404.556394321844,1,4,0,0.5,0.6,0.4,0.7
3,859.950686339289,0,3,0,0.5,0.6,0.4,0.7
3,834.4632335938513,0,4,0,0.5,0.6,0.4,0.7
3,199.99372633174062,0,4,0,0.5,0.6,0.4,0.7
4,100.85231740958989,1,2,0,0.5,0.6,0.4,0.7
3,324.44990263320506,0,3,0,0.5,0.6,0.4,0.7
4,985.6567785609514,1,2,0,0.5,0.6,0.4,0.7
2,561.9794991798699,1,4,0,0.5,0.6,0.4,0.7
2,332.92886544950306,1,3,0,0.5,0.6,0.4,0.7
4,246.60702515393496,1,2,0,0.5,0.6,0.4,0.7
4,777.8570391237736,1,2,0,0.5,0.6,0.4,0.7
4,715.2845927048475,1,1,0,0.5,0.6,0.4,0.7
2,66.11570017412305,1,3,0,0.5,0.6,0.4,0.7
3,373.0825122911483,0,2,0,0.5,0.6,0.4,0.7
2,715.3895408846438,1,4,0,0.5,0.6,0.4,0.7
3,433.2919509615749,0,3,0,0.5,0.6,0.4,0.7
3,437.67583067528903,0,5,0,0.5,0.6,0.4,0.7
2,949.1274254396558,1,5,0,0.5,0.6,0.4,0.7
4,988.9732135925442,1,3,0,0.5,0.6,0.4,0.7
2,903.7688777316362,0,2,0,0.5,0.6,0.4,0.7
4,796.124967513606,1,2,0,0.5,0.6,0.4,0.7
3,898.9008835051209,0,4,0,0.5,0.6,0.4,0.7
4,962.9569181706756,1,2,0,0.5,0.6,0.4,0.7
1,89.53669131733477,0,1,0,0.5,0.6,0.4,0.7
3,558.6519921198487,0,3,0,0.5,0.6,0.4,0.7
4,998.8056437578052,1,2,0,0.5,0.6,0.4,0.7
4,710.6477755587548,1,3,0,0.5,0.6,0.4,0.7
4,778.8304348941892,1,3,0,0.5,0.6,0.4,0.7
3,673.4024088364094,0,6,0,0.5,0.6,0.4,0.7
3,146.83699747547507,0,3,0,0.5,0.6,0.4,0.7
4,962.021908024326,1,3,0,0.5,0.6,0.4,0.7
4,38.05172676220536,1,2,0,0.5,0.6,0.4,0.7
4,966.1435929592699,1,2,0,0.5,0.6,0.4,0.7
4,763.9887970872223,1,2,0,0.5,0.6,0.4,0.7
4,950.7467248477042,1,2,0,0.5,0.6,0.4,0.7
4,595.0676940847188,1,1,0,0.5,0.6,0.4,0.7
2,449.5602222159505,1,4,0,0.5,0.6,0.4,0.7
4,526.2398275081068,1,3,0,0.5,0.6,0.4,0.7
2,989.529783371836,1,4,0,0.5,0.6,0.4,0.7
4,828.1532402615994,1,0,0,0.5,0.6,0.4,0.7
3,262.6288803294301,0,3,0,0.5,0.6,0.4,0.7
2,117.38158506341279,1,3,0,0.5,0.6,0.4,0.7
4,781.1613725498319,1,1,0,0.5,0.6,0.4,0.7
2,362.84854100085795,1,5,0,0.5,0.6,0.4,0.7
2,923.9357518963516,1,6,0,0.5,0.6,0.4,0.7
4,828.446467872709,1,1,0,0.5,0.6,0.4,0.7
4,64.12386847659945,1,2,0,0.5,0.6,0.4,0.7
4,399.049632018432,1,0,0,0.5,0.6,0.4,0.7
4,743.7987001612782,1,2,0,0.5,0.6,0.4,0.7
3,500.39992411620915,0,4,0,0.5,0.6,0.4,0.7
3,77.33586500398815,0,2,0,0.5,0.6,0.4,0.7
3,753.7885822821409,0,4,0,0.5,0.6,0.4,0.7
3,878.8968937005848,0,4,0,0.5,0.6,0.4,0.7
2,683.563725091517,1,4,0,0.5,0.6,0.4,0.7
3,359.22971507534385,0,5,0,0.5,0.6,0.4,0.7
0,9.21271787956357,0,2,0,0.5,0.6,0.4,0.7
2,910.1041515823454,0,2,0,0.5,0.6,0.4,0.7
3,393.7005144543946,0,5,0,0.5,0.6,0.4,0.7
3,825.2834407612681,0,3,0,0.5,0.6,0.4,0.7
3,151.8260482698679,0,2,0,0.5,0.6,0.4,0.7
2,1.622434239834547,1,4,0,0.5,0.6,0.4,0.7
4,578.8536695763469,1,3,0,0.5,0.6,0.4,0.7
4,807.9096071887761,1,2,0,0.5,0.6,0.4,0.7
1,135.5876922607422,0,1,0,0.5,0.6,0.4,0.7
3,842.8210709244013,0,5,0,0.5,0.6,0.4,0.7
4,563.6456904467195,1,2,0,0.5,0.6,0.4,0.7
4,568.5643060132861,1,3,0,0.5,0.6,0.4,0.7
2,432.79799399897456,1,5,0,0.5,0.6,0.4,0.7
2,164.03530351817608,1,5,0,0.5,0.6,0.4,0.7
4,839.0061643440276,1,2,0,0.5,0.6,0.4,0.7
3,446.59386249259114,0,4,0,0.5,0.6,0.4,0.7
1,960.5111659038812,0,1,0,0.5,0.6,0.4,0.7
3,360.96645263023674,0,3,0,0.5,0.6,0.4,0.7
3,694.4550275802612,0,4,0,0.5,0.6,0.4,0.7
2,212.81725028529763,1,3,0,0.5,0.6,0.4,0.7
4,373.2356899417937,1,1,0,0.5,0.6,0.4,0.7
4,631.505032768473,1,3,0,0.5,0.6,0.4,0.7
3,145.50734730437398,0,3,0,0.5,0.6,0.4,0.7
4,557.6393958181143,1,2,0,0.5,0.6,0.4,0.7
3,234.79557735845447,0,3,0,0.5,0.6,0.4,0.7
3,708.5431744344532,0,4,0,0.5,0.6,0.4,0.7
4,762.5492850784212,1,1,0,0.5,0.6,0.4,0.7
1,640.6726932618767,0,1,0,0.5,0.6,0.4,0.7
3,239.826038479805,0,2,0,0.5,0.6,0.4,0.7
3,764.7771728225052,0,3,0,0.5,0.6,0.4,0.7
4,248.65904985927045,1,1,0,0.5,0.6,0.4,0.7
1,597.2305592149496,0,0,0,0.5,0.6,0.4,0.7
4,906.0739655978978,1,3,0,0.5,0.6,0.4,0.7
4,239.99257269315422,1,2,0,0.5,0.6,0.4,0.7
3,639.6630003582686,0,3,0,0.5,0.6,0.4,0.7
4,524.1236530710012,1,3,0,0.5,0.6,0.4,0.7
1,64.73964499309659,0,1,0,0.5,0.6,0.4,0.7
3,398.2771469745785,0,2,0,0.5,0.6,0.4,0.7
3,941.7988180648535,0,4,0,0.5,0.6,0.4,0.7
2,710.6611323542893,0,2,0,0.5,0.6,0.4,0.7
2,307.90984188206494,1,4,0,0.5,0.6,0.4,0.7
2,627.5983152445406,1,4,0,0.5,0.6,0.4,0.7
3,360.00405019149184,0,2,0,0.5,0.6,0.4,0.7
2,67.48072104528546,1,3,0,0.5,0.6,0.4,0.7
2,848.9787105936557,0,2,0,0.5,0.6,0.4,0.7
2,651.9307710696012,1,6,0,0.5,0.6,0.4,0.7
3,712.7732888329774,0,5,0,0.5,0.6,0.4,0.7
3,560.5929074808955,0,4,0,0.5,0.6,0.4,0.7
2,227.70534199662507,1,4,0,0.5,0.6,0.4,0.7
3,388.24892370030284,0,3,0,0.5,0.6,0.4,0.7
3,251.57097284682095,0,5,0,0.5,0.6,0.4,0.7
3,172.30746219865978,0,2,0,0.5,0.6,0.4,0.7
3,45.78418913297355,0,3,0,0.5,0.6,0.4,0.7
2,664.8869856726378,0,2,0,0.5,0.6,0.4,0.7
2,848.6235660966486,1,7,0,0.5,0.6,0.4,0.7
2,355.8866078965366,1,4,0,0.5,0.6,0.4,0.7
4,838.7460615485907,1,1,0,0.5,0.6,0.4,0.7
4,13.49354162812233,1,2,0,0.5,0.6,0.4,0.7
3,476.3110450003296,0,3,0,0.5,0.6,0.4,0.7
1,503.44417290762067,0,1,0,0.5,0.6,0.4,0.7
2,725.8305803406984,1,9,0,0.5,0.6,0.4,0.7
2,242.22666351124644,1,6,0,0.5,0.6,0.4,0.7
4,833.5205684415996,1,0,0,0.5,0.6,0.4,0.7
2,784.6997973974794,1,6,0,0.5,0.6,0.4,0.7
3,896.522679599002,0,8,0,0.5,0.6,0.4,0.7
1,990.4809708241373,0,1,0,0.5,0.6,0.4,0.7
2,820.702864555642,0,2,0,0.5,0.6,0.4,0.7
2,908.5084747057408,0,2,0,0.5,0.6,0.4,0.7
1,376.4379930216819,0,1,0,0.5,0.6,0.4,0.7
3,658.2637117244303,0,5,0,0.5,0.6,0.4,0.7
2,297.5335055962205,1,3,0,0.5,0.6,0.4,0.7
4,367.86669795401394,1,1,0,0.5,0.6,0.4,0.7
3,861.3938549533486,0,5,0,0.5,0.6,0.4,0.7
3,186.44908000715077,0,3,0,0.5,0.6,0.4,0.7
3,772.0995172858238,0,3,0,0.5,0.6,0.4,0.7
3,339.8773539811373,0,2,0,0.5,0.6,0.4,0.7
3,452.5581526104361,0,7,0,0.5,0.6,0.4,0.7
3,530.3882071748376,0,5,0,0.5,0.6,0.4,0.7
2,981.954556889832,1,4,0,0.5,0.6,0.4,0.7
2,278.79166533239186,1,4,0,0.5,0.6,0.4,0.7
3,698.3042126521468,0,5,0,0.5,0.6,0.4,0.7
2,846.9640400726348,1,4,0,0.5,0.6,0.4,0.7
2,269.26131430082023,1,3,0,0.5,0.6,0.4,0.7
2,772.0441778656095,0,2,0,0.5,0.6,0.4,0.7
0,0.42333616875112057,0,4,0,0.5,0.6,0.4,0.7
2,62.28624144569039,1,5,0,0.5,0.6,0.4,0.7
3,50.20640860311687,0,3,0,0.5,0.6,0.4,0.7
4,170.53337045945227,1,2,0,0.5,0.6,0.4,0.7
3,128.20088304579258,0,2,0,0.5,0.6,0.4,0.7
4,728.3292531501502,1,3,0,0.5,0.6,0.4,0.7
2,904.243239434436,1,5,0,0.5,0.6,0.4,0.7
3,483.7085565086454,0,3,0,0.5,0.6,0.4,0.7
2,571.0153421387076,0,2,0,0.5,0.6,0.4,0.7
3,802.8948770370334,0,4,0,0.5,0.6,0.4,0.7
3,935.9407778829336,0,4,0,0.5,0.6,0.4,0.7
2,861.6302232258022,1,4,0,0.5,0.6,0.4,0.7
3,955.274083185941,0,4,0,0.5,0.6,0.4,0.7
1,218.91393675468862,0,1,0,0.5,0.6,0.4,0.7
1,314.290665788576,0,1,0,0.5,0.6,0.4,0.7
4,789.9188769515604,1,1,0,0.5,0.6,0.4,0.7
3,203.94865842536092,0,2,0,0.5,0.6,0.4,0.7
2,287.37044683657587,1,6,0,0.5,0.6,0.4,0.7
2,454.3146649375558,1,5,0,0.5,0.6,0.4,0.7
2,147.25394663400948,1,3,0,0.5,0.6,0.4,0.7
4,741.27033399418,1,0,0,0.5,0.6,0.4,0.7
2,848.2512279879302,1,6,0,0.5,0.6,0.4,0.7
4,876.5820311382413,1,1,0,0.5,0.6,0.4,0.7
3,256.06693234294653,0,3,0,0.5,0.6,0.4,0.7
4,639.1346273012459,1,3,0,0.5,0.6,0.4,0.7
3,862.4620768241584,0,4,0,0.5,0.6,0.4,0.7
3,829.6096348203719,0,4,0,0.5,0.6,0.4,0.7
3,880.5442492011935,0,3,0,0.5,0.6,0.4,0.7
2,124.11675369367003,1,4,0,0.5,0.6,0.4,0.7
3,692.6611154340208,0,3,0,0.5,0.6,0.4,0.7
3,173.84739592671394,0,4,0,0.5,0.6,0.4,0.7
2,225.38508754223585,1,5,0,0.5,0.6,0.4,0.7
2,803.5636378917843,0,2,0,0.5,0.6,0.4,0.7
3,134.34604392386973,0,3,0,0.5,0.6,0.4,0.7
3,147.36726135015488,0,3,0,0.5,0.6,0.4,0.7
2,962.6287596765906,1,6,0,0.5,0.6,0.4,0.7
2,800.6581761874259,0,2,0,0.5,0.6,0.4,0.7
4,690.168404718861,1,2,0,0.5,0.6,0.4,0.7
2,929.3953992892057,1,4,0,0.5,0.6,0.4,0.7
3,825.642152223736,0,4,0,0.5,0.6,0.4,0.7
3,785.4197972919792,0,3,0,0.5,0.6,0.4,0.7
4,670.6104467157274,1,1,0,0.5,0.6,0.4,0.7
4,251.4576071407646,1,2,0,0.5,0.6,0.4,0.7
4,491.79974710568786,1,3,0,0.5,0.6,0.4,0.7
2,766.4967477321625,1,5,0,0.5,0.6,0.4,0.7
4,494.8255775962025,1,1,0,0.5,0.6,0.4,0.7
4,843.3695330750197,1,1,0,0.5,0.6,0.4,0.7
0,44.529784470796585,0,4,0,0.5,0.6,0.4,0.7
4,471.2178222835064,1,3,0,0.5,0.6,0.4,0.7
3,325.77806105837226,0,3,0,0.5,0.6,0.4,0.7
3,336.7587097454816,0,3,0,0.5,0.6,0.4,0.7
4,884.6642528660595,1,0,0,0.5,0.6,0.4,0.7
3,66.14698260091245,0,2,0,0.5,0.6,0.4,0.7
4,835.5852977838367,1,0,0,0.5,0.6,0.4,0.7
4,734.0453157667071,1,1,0,0.5,0.6,0.4,0.7
3,769.9310427997261,0,4,0,0.5,0.6,0.4,0.7
3,967.2043365426362,0,5,0,0.5,0.6,0.4,0.7
4,681.0580671299249,1,3,0,0.5,0.6,0.4,0.7
2,769.1945675760508,0,2,0,0.5,0.6,0.4,0.7
1,552.2733258549124,0,1,0,0.5,0.6,0.4,0.7
2,480.2585260476917,1,7,0,0.5,0.6,0.4,0.7
4,961.6268100216985,1,2,0,0.5,0.6,0.4,0.7
4,360.84208148531616,1,1,0,0.5,0.6,0.4,0.7
4,902.0808176137507,1,3,0,0.5,0.6,0.4,0.7
3,300.75490078888834,0,5,0,0.5,0.6,0.4,0.7
4,367.1505539678037,1,2,0,0.5,0.6,0.4,0.7
3,954.870140645653,0,6,0,0.5,0.6,0.4,0.7
2,22.549240151420236,1,4,0,0.5,0.6,0.4,0.7
2,166.21275595389307,1,3,0,0.5,0.6,0.4,0.7
2,145.8726511336863,1,3,0,0.5,0.6,0.4,0.7
4,919.9783352669328,1,2,0,0.5,0.6,0.4,0.7
4,735.3673269972205,1,2,0,0.5,0.6,0.4,0.7
2,552.2084308322519,1,4,0,0.5,0.6,0.4,0.7
3,918.8071950338781,0,3,0,0.5,0.6,0.4,0.7
3,992.7948876284063,0,5,0,0.5,0.6,0.4,0.7
2,226.73691879026592,1,4,0,0.5,0.6,0.4,0.7
3,813.7395384255797,0,4,0,0.5,0.6,0.4,0.7
3,570.6249994691461,0,3,0,0.5,0.6,0.4,0.7
2,392.1854954678565,1,4,0,0.5,0.6,0.4,0.7
4,662.7755325753242,1,3,0,0.5,0.6,0.4,0.7
4,117.20040393993258,1,1,0,0.5,0.6,0.4,0.7
2,86.55990427359939,1,6,0,0.5,0.6,0.4,0.7
4,556.3670608680695,1,2,0,0.5,0.6,0.4,0.7
4,873.0486924760044,1,1,0,0.5,0.6,0.4,0.7
2,580.580287380144,0,2,0,0.5,0.6,0.4,0.7
1,168.93118806183338,0,1,0,0.5,0.6,0.4,0.7
4,374.93666680529714,1,1,0,0.5,0.6,0.4,0.7
4,428.1894974410534,1,1,0,0.5,0.6,0.4,0.7
3,347.1742623951286,0,5,0,0.5,0.6,0.4,0.7
2,744.1430469043553,1,5,0,0.5,0.6,0.4,0.7
4,765.0504929479212,1,1,0,0.5,0.6,0.4,0.7
3,323.54232273064554,0,4,0,0.5,0.6,0.4,0.7
0,8.683800930157304,0,3,0,0.5,0.6,0.4,0.7
2,708.0914604011923,1,4,0,0.5,0.6,0.4,0.7
3,906.6917113959789,0,4,0,0.5,0.6,0.4,0.7
3,237.55424446426332,0,3,0,0.5,0.6,0.4,0.7
2,439.6459092386067,1,5,0,0.5,0.6,0.4,0.7
3,818.3631526771933,0,6,0,0.5,0.6,0.4,0.7
4,727.4901184719056,1,3,0,0.5,0.6,0.4,0.7
2,615.0854616425931,1,5,0,0.5,0.6,0.4,0.7
3,172.08197223953903,0,2,0,0.5,0.6,0.4,0.7
4,860.7526309788227,1,3,0,0.5,0.6,0.4,0.7
4,736.496425466612,1,2,0,0.5,0.6,0.4,0.7
3,483.70731668546796,0,5,0,0.5,0.6,0.4,0.7
3,37.32113493606448,0,1,0,0.5,0.6,0.4,0.7
2,275.1819584518671,1,4,0,0.5,0.6,0.4,0.7
2,100.85551789961755,1,4,0,0.5,0.6,0.4,0.7
2,881.5684530418366,1,5,0,0.5,0.6,0.4,0.7
4,94.93035404011607,1,2,0,0.5,0.6,0.4,0.7
2,935.7358277775347,0,2,0,0.5,0.6,0.4,0.7
3,857.0875297300518,0,4,0,0.5,0.6,0.4,0.7
3,251.10425963066518,0,4,0,0.5,0.6,0.4,0.7
2,508.4583121351898,1,4,0,0.5,0.6,0.4,0.7
4,825.3719820640981,1,2,0,0.5,0.6,0.4,0.7
1,315.3793273959309,0,0,0,0.5,0.6,0.4,0.7
3,340.4781096614897,0,4,0,0.5,0.6,0.4,0.7
4,420.7266978919506,1,1,0,0.5,0.6,0.4,0.7
4,56.28113308921456,1,2,0,0.5,0.6,0.4,0.7
4,584.1139177791774,1,1,0,0.5,0.6,0.4,0.7
3,777.9449394438416,0,4,0,0.5,0.6,0.4,0.7
4,670.8956027869135,1,1,0,0.5,0.6,0.4,0.7
2,180.55730708874762,1,5,0,0.5,0.6,0.4,0.7
3,980.8411470148712,0,4,0,0.5,0.6,0.4,0.7
3,824.7865412849933,0,3,0,0.5,0.6,0.4,0.7
1,120.39582058787346,0,1,0,0.5,0.6,0.4,0.7
2,482.1286229416728,1,5,0,0.5,0.6,0.4,0.7
2,824.1664795204997,0,2,0,0.5,0.6,0.4,0.7
0,74.55335347913206,0,5,0,0.5,0.6,0.4,0.7
3,867.5549514591694,0,3,0,0.5,0.6,0.4,0.7
1,809.2405379284173,0,1,0,0.5,0.6,0.4,0.7
2,500.83605921827257,0,2,0,0.5,0.6,0.4,0.7
4,793.8430819194764,1,2,0,0.5,0.6,0.4,0.7
2,529.7079035080969,1,4,0,0.5,0.6,0.4,0.7
1,52.56840540096164,0,1,0,0.5,0.6,0.4,0.7
3,165.77590466476977,0,4,0,0.5,0.6,0.4,0.7
4,703.3674651756883,1,1,0,0.5,0.6,0.4,0.7
