"0","1","2","3","4"
8.33792742497869e-161,2.92506919954708e-24,9.46361818736536e-07,9.56648432219401e-82,0.999999053638181
1.13562118158732e-08,1.84852330474354e-242,1.2735106659839e-54,0.999999988643788,9.71676599822204e-314
2.19145911307671e-132,5.8552128043582e-47,1,8.60629779427985e-63,4.3684505450872e-35
8.3200129053336e-254,9.14896611681101e-45,4.12055502281599e-78,2.09655583113996e-171,1
2.15864730535311e-38,3.07185285198126e-83,7.52139218286778e-07,0.999999247860782,2.40476212163346e-109
3.76124105601641e-180,3.6609652979954e-32,1.38251665257581e-34,2.01116256339161e-112,1
2.80985999229039e-60,0.00013280490555542,0.0112029379393213,6.55645110656539e-22,0.988664257155123
1.68183146924245e-52,1.16630586336593e-26,0.999999999998071,1.92916452941168e-12,1.96760331667743e-32
4.61418450841155e-87,1.65145441507129e-37,1,1.33050894403821e-53,3.24180268492014e-22
2.88913316145361e-137,2.90505573726188e-23,0.927308742042299,5.05662521488986e-70,0.0726912579577008
1.62269153066328e-28,3.33251217697037e-92,1.21806022070309e-11,0.99999999998782,4.28163756838384e-120
2.19948508378026e-121,1.93942084453923e-72,1,1.39068422771453e-53,7.69070919485409e-71
5.67788087247413e-37,1.57922262206312e-84,1.53988920424073e-07,0.99999984601108,6.84679195488411e-111
1.13987555543225e-170,2.42148370411703e-31,7.58470944084855e-32,1.757772949449e-107,1
3.01119335694001e-160,3.26884992594419e-24,1.37143193249076e-06,1.8681008521116e-81,0.999998628568068
1.93224089039711e-60,0.00012870649188272,0.0100625111607587,5.39702573922131e-22,0.989808782347358
1.06528592905328e-136,2.0821850066603e-23,0.955387118053286,7.90108961803485e-70,0.0446128819467143
5.56906507460341e-118,1.03974140290549e-28,0.999999998818621,1.05940510359266e-63,1.1813790299226e-09
1.62012582950396e-158,4.61498011995848e-24,4.33725080521769e-06,1.49090927007678e-80,0.999995662749195
4.16938793795306e-225,2.7856611592786e-42,8.06378969755439e-70,1.90171275402021e-156,1
1.00995413777476e-150,2.17964059412404e-23,0.000774330747834815,1.72070284619386e-76,0.999225669252165
1.65334690696913e-17,2.95087462343633e-135,2.5545285986894e-25,1,4.3545312700059e-175
1,8.2282021260029e-233,1.52381740333468e-97,7.04636722798126e-44,1.79011875616622e-283
1.02922131932056e-139,7.12994122193394e-45,1,3.47674583723856e-65,4.14633827243537e-32
1.06217086492201e-47,2.24761166380359e-50,0.999970605824341,2.93941756588503e-05,1.1454982338786e-65
8.92044810674699e-140,8.48621479780632e-23,0.59359282642951,5.66801777689308e-71,0.406407173570491
9.59468755780097e-179,4.84534465211208e-32,3.52431046852076e-34,1.08788021623424e-111,1
8.65621251088334e-35,1.43279186422247e-119,6.16473582421532e-17,1,2.80711688971163e-156
2.52671066776734e-138,5.05629471233815e-23,0.832039260722946,2.12085431880075e-70,0.167960739277054
8.40174597615732e-88,3.58954754792993e-24,6.61986963672252e-08,2.7118995499773e-64,0.999999933801304
4.40294176061678e-59,8.70960636528341e-25,0.999999999999986,1.36601308295968e-14,9.2920623476477e-30
4.47786027191222e-25,2.50887623058201e-95,2.60978608631781e-13,0.999999999999739,7.69977870943616e-124
4.82786619119543e-31,6.93785734978778e-57,0.0418971789241208,0.958102821075879,2.25797979011995e-74
0.000544692493121856,2.09124553073958e-81,3.36502805323353e-15,0.999455307506875,8.85557052479436e-104
1.08706290536685e-217,2.06606253408105e-35,1.97428977162736e-45,5.48395186225446e-132,1
4.19628552152997e-112,1.98423973512983e-97,1,6.15871679586049e-45,6.77387414178878e-106
3.51440055326971e-05,2.19122047391814e-113,5.83600405093365e-23,0.999964855994467,1.70698970788703e-145
1,3.17351118556077e-214,1.79406304904428e-100,1.82257398222532e-51,2.62023336187322e-256
1.31772089963426e-39,2.49626444354887e-30,0.999999968595304,3.14046960021955e-08,1.13579626632221e-37
1.64012742715392e-267,5.96191170558443e-46,4.52303146193941e-82,1.50904395021736e-178,1
1.55255802309182e-59,1.08401088474636e-67,1,5.37238762026759e-39,1.10265851733766e-64
3.20353676794261e-24,3.65755860331775e-129,4.60778639925772e-22,1,8.81718140828938e-168
4.79280885157654e-25,2.05159203653076e-128,1.15797362937422e-21,1,6.97161521161695e-167
3.37557310960831e-209,1.12204057909965e-34,5.60823687702251e-43,1.46198606818738e-127,1
1.5665130169552e-143,8.70024626873187e-44,1,1.96890722429969e-66,1.47462863759937e-30
7.77460957441182e-91,3.92553654455033e-81,1,1.32234430664443e-43,2.98311770184689e-83
3.56926614769809e-208,1.37607039636978e-34,1.10849264165873e-42,4.99741026761183e-127,1
2.88299720605578e-20,1.08265408780493e-99,1.21335417892837e-15,0.999999999999999,4.49190989957728e-129
5.77271769012814e-18,8.81767293770388e-102,9.28045533498034e-17,1,1.40395758776637e-131
1.1533496338664e-118,7.28805014995412e-51,1,2.60992813866694e-58,1.16310248031908e-40
1.30051704926592e-32,1.51454714582592e-121,5.42011271169558e-18,1,1.19939916459474e-158
2.92400982077774e-138,2.75069316343919e-45,1,1.03734904078616e-64,1.06449522414265e-32
1.30985462681098e-60,2.19095767036601e-67,1,2.39563273445755e-39,3.01105295901514e-64
1.21226734470707e-33,5.01250963022511e-32,0.999997214120684,2.78587931642273e-06,4.2885938944031e-40
4.53506693754752e-110,5.23379952656501e-98,1,2.84296045894859e-44,1.01057982965026e-106
1.26127230220579e-30,2.73859322211631e-90,1.2849899816317e-10,0.999999999871501,8.46424880302763e-118
2.59963463125897e-132,5.57740343942654e-47,1,9.10009014564075e-63,4.07558295918944e-35
3.2183655147276e-150,2.40890010411126e-23,0.00108205029732392,3.14750025404973e-76,0.998917949702676
4.27537979839685e-258,3.8923290860163e-45,2.37572034439959e-79,1.21931965727468e-173,1
0.999999999999958,5.20311610852742e-176,2.51248661412462e-53,4.19110151927003e-14,2.72121604388115e-221
1.34668093080397e-81,2.0587709223196e-61,1,3.34233958317702e-46,1.01340073101473e-55
2.26445208533486e-97,6.35074608456226e-57,1,2.35307472858078e-51,2.59789079009972e-49
4.19918063502462e-62,5.51202062149878e-11,1.90176172145373e-25,1.8741016516844e-43,0.99999999994488
9.40647154447079e-34,1.88927405597021e-87,4.22586428138079e-09,0.999999995774136,2.14559043746998e-114
6.59449923701116e-71,1.67721902971844e-131,1,7.25289741436823e-26,6.43952020970073e-154
7.7922441501173e-84,1.22807336246789e-06,1.76640534989277e-09,3.48140989525428e-34,0.999998770160232
6.9829398022634e-163,1.93375328593141e-24,2.37680863952925e-07,7.91162767505713e-83,0.999999762319136
4.35916998304283e-252,1.28869537848502e-44,1.29320013685334e-77,1.6502459110586e-170,1
0.078393723449901,2.26385257680621e-50,5.84008083524588e-08,0.921606218149291,3.43314551246439e-63
1.98754734233321e-123,2.71989320649331e-16,3.64794205411812e-43,2.05086898133068e-75,1
8.41799577750389e-88,5.57168598048444e-07,1.26228897043942e-10,2.98226754648274e-36,0.999999442705173
3.19540377782741e-10,8.25648473945777e-109,1.62764886868552e-20,0.99999999968046,5.24116705712839e-140
4.91354770366453e-127,1.75709420536799e-48,1,4.81417195842654e-61,2.92712590545811e-37
1.69072315753302e-24,6.53331748803655e-129,6.2824419637344e-22,1,1.76780075645504e-167
7.45817224255524e-258,4.08433592082892e-45,2.7900478184087e-79,1.62953259081861e-173,1
5.67206756631244e-132,4.46688235799592e-47,1,1.17413656483823e-62,2.96844527040912e-35
1.52745274033187e-268,4.85484686190352e-46,2.27820979885195e-82,4.37944945945349e-179,1
8.36295198098445e-237,2.70809674731422e-43,3.36512616702005e-73,1.52269444321193e-162,1
9.82873878212971e-87,6.89199054138182e-07,2.56746674655799e-10,1.07346736017859e-35,0.999999310544199
1.35090703810999e-28,3.4232796037104e-125,6.10518491115954e-20,1,5.09619784956262e-163
1.350492389464e-78,3.48792108886304e-06,5.76259722562269e-08,1.87107532491029e-31,0.999996454452939
0,0,0,0,0
6.38286533801001e-33,2.25456574461294e-55,0.241472513238098,0.758527486761902,1.53729414242712e-72
3.19955523875199e-26,1.8110190647975e-193,9.05171489211143e-38,1,1.26113727011524e-251
1.09732407120623e-38,1.36559441736595e-30,0.999999937242672,6.27573274180003e-08,4.80077910505384e-38
2.59880704533082e-12,7.48659346145983e-74,3.66298110490589e-11,0.999999999960771,1.01159279507475e-94
1.20731308365043e-187,8.22513406165072e-33,9.45694789846715e-37,2.50052583565737e-116,1
1,1.23824713893478e-61,7.02509237941466e-34,1.80834489557507e-23,8.32743195796941e-69
8.34827296680882e-39,7.27627534060644e-83,1.19242964789154e-06,0.999998807570352,6.76308050050816e-109
3.72482488674963e-253,1.04160936534535e-44,6.35372182892574e-78,4.57910506932995e-171,1
0.999233742257038,1.48739542366161e-222,9.18339422071577e-55,0.000766257742962272,6.99413668855003e-286
3.72716277684557e-25,2.57765030978132e-128,1.30820134280419e-21,1,9.1664994527066e-167
3.00265294957177e-59,9.71199008223872e-25,0.999999999999988,1.20546895074364e-14,1.08555493027786e-29
5.34025402667567e-302,3.65227909354317e-55,2.78964308904561e-114,4.07388819672359e-217,1
7.11650179962202e-39,6.72120070325008e-53,0.977888328492064,0.0221116715079358,2.88050176403745e-69
8.48459999325387e-62,1.06615163523425e-44,1,2.37826904699106e-45,1.76287020546082e-32
6.12440330109005e-114,1.47560061870877e-74,1,3.75777425635111e-51,7.26590419481736e-74
3.85558493421524e-207,1.6907359248337e-34,2.20455178929676e-42,1.72736144975123e-126,1
9.39605644273715e-24,1.82044400892325e-63,1.30009356154296e-05,0.999986999064385,2.87543362073815e-82
8.91090424442037e-159,4.38231136603367e-24,3.64927837792051e-06,1.09179421488077e-80,0.999996350721622
6.68657531310294e-233,5.89383050119973e-43,4.51394148168589e-72,1.64690972931957e-160,1
4.70013549078278e-142,3.30476932954872e-44,1,5.98026591027456e-66,3.70279922084828e-31
7.56401926787069e-144,1.07032031960735e-43,1,1.55220769047674e-66,1.98217487335456e-30
5.93177534208021e-37,1.51774299070285e-84,1.50755724826677e-07,0.999999849244275,6.52842701897872e-111
8.04951538417894e-59,7.33547405238537e-25,0.999999999999983,1.66357191400284e-14,7.27201777817477e-30
4.32160575539379e-88,5.25931518700395e-07,1.04112334801153e-10,2.10685136192138e-36,0.999999473964369
6.62406075152996e-52,7.89557595798898e-27,0.999999999996981,3.01875478465816e-12,1.12735302995785e-32
4.90934322028479e-101,1.40508039077888e-100,1,2.53934203455481e-41,2.15787431631358e-110
7.21529620846792e-49,2.3711967377504e-05,0.98752952343705,7.1328139373015e-17,0.0124467645955719
1.10102953794512e-120,1.22632975018285e-72,1,2.3534308307122e-53,3.99742188969931e-71
9.2069513068134e-15,8.26040609443404e-171,5.45540935499096e-35,0.999999999999991,4.35861844926212e-221
4.95648938788053e-37,1.78652637702807e-84,1.6448063626946e-07,0.999999835519364,7.9381275090399e-111
9.6928127849231e-50,1.91052487260394e-27,0.999999999984615,1.53849334829349e-11,1.487043724531e-33
4.64479852752646e-193,1.65239275431223e-39,1.46242999152553e-60,9.57461836803779e-140,1
2.14962291144006e-99,2.39021948427206e-56,1,5.14027773992197e-52,1.72333774808672e-48
1.36302351659594e-87,5.80895456853449e-07,1.45085907753461e-10,3.83376349853278e-36,0.999999418959457
2.07319899385177e-44,2.60083601410141e-51,0.999650909711993,0.000349090288006939,5.27162752719343e-67
2.53018155823174e-202,4.41490372806122e-34,5.43247346531345e-41,5.5963597596249e-124,1
1.68264074026569e-128,2.05547416451004e-70,1,6.58865996788849e-56,5.98706877960192e-68
4.02293546563936e-216,2.82394113250845e-35,5.6040062880199e-45,3.60116662693896e-131,1
0.99999999999986,6.88765323453373e-109,7.18158220195481e-36,1.4023030255329e-13,3.56620335748142e-134
1.33556801037088e-175,9.0648334155635e-32,2.85291483667123e-33,4.73106470832322e-110,1
3.26223631845527e-78,3.76453671481142e-06,7.43491225727529e-08,2.96287005960644e-31,0.999996161114163
9.1002624669177e-26,9.26913599854371e-128,2.59237635054363e-21,1,4.25285030197574e-166
2.57697614802464e-205,2.4322280577207e-34,7.42299774681698e-42,1.54359888840103e-125,1
1.46133831410187e-77,2.9329242049378e-107,1,1.18039189014135e-33,6.26666111114265e-120
1.52558688163448e-30,2.5261709288379e-57,0.024622197953818,0.975377802046182,6.69970702029163e-75
2.70259185950235e-34,5.09755327626632e-120,3.54868745398437e-17,1,8.12980336987818e-157
1.56682782507636e-126,1.59803821033476e-27,4.28265884879514e-19,1.77248489457496e-84,1
1.92632344423372e-33,5.03713975425085e-55,0.346241135676316,0.653758864323684,4.15183051096864e-72
6.0660337831088e-128,3.18671181310927e-48,1,2.43096240850999e-61,6.84772188864107e-37
6.88509677292071e-127,7.14784707371995e-71,1,2.21464273292304e-55,1.32531212715814e-68
1.22398980308685e-208,1.25435072374715e-34,8.13671378697015e-43,2.86090343019387e-127,1
5.72950303402493e-86,8.02782040805805e-07,4.27264352613008e-10,2.69035050026299e-35,0.999999196790695
1.53271530068172e-28,4.01417632439441e-59,0.00271967371517194,0.997280326284828,4.64643542235349e-77
4.54849868664611e-134,3.9186447048369e-24,0.995961934153375,5.87526611390897e-69,0.00403806584662503
4.33141606481734e-110,5.30268397981243e-98,1,2.80061390598617e-44,1.02962131943975e-106
7.16307864351622e-149,3.14629319259278e-23,0.0026488236489881,1.58453342961769e-75,0.997351176351012
3.9186320228789e-267,6.42862484480299e-46,5.81714975605869e-82,2.3759602582339e-178,1
1.35866568623263e-20,1.62137188136815e-165,3.67538611249867e-32,1,9.68341470851285e-215
7.05624089169545e-130,2.52762882942223e-25,0.999919465741753,1.37724717470639e-67,8.05342582472819e-05
1.12220326708095e-52,1.30863378642341e-26,0.99999999999831,1.69034826563035e-12,2.31913493238931e-32
4.67326918673045e-22,5.2491774641429e-65,1.95418878108798e-06,0.999998045811219,4.09250595726315e-84
1.2616306198421e-22,1.49867114061808e-97,1.69136573757692e-14,0.999999999999983,1.65942695501267e-126
3.08042679129217e-33,6.43658161418797e-88,2.37690839138918e-09,0.999999997623092,5.89931165156919e-115
1.90818183738091e-30,1.88066187787426e-90,1.05118200215239e-10,0.999999999894882,5.3935608770001e-118
7.10517059505172e-119,3.74595277707271e-73,1,9.17983134163423e-53,7.35356449076208e-72
6.83888623449041e-140,8.00953724310533e-45,1,3.04220069432488e-65,4.89541563071277e-32
1,7.71111719159594e-168,7.29594471885278e-31,7.51273427104161e-29,1.58154937877612e-193
1.38942874534984e-166,5.46591178621777e-31,1.14921744839581e-30,2.36845246680547e-105,1
9.60623516902112e-158,5.38345128546534e-24,7.25335882474445e-06,3.7698118503944e-80,0.999992746641175
8.3246492162609e-264,7.3720209654325e-52,3.01768454657697e-103,3.27391798885625e-197,1
1.1949664594655e-78,2.67818218106911e-129,1,2.14670324672957e-28,8.99974735465749e-151
1.24710496386942e-39,4.08696586417631e-82,2.99885304664974e-06,0.999997001146953,5.35622016519726e-108
1.58999591219322e-28,1.75189112203217e-33,0.9998692117134,0.000130788286600349,3.57239623375569e-42
4.87225277952884e-58,4.39430056092711e-25,0.99999999999997,2.99540749863332e-14,3.49910837915195e-30
1.34196962376374e-21,1.81598078117829e-35,0.976448746108397,0.0235512538916032,5.30179330967071e-45
3.68298606572184e-95,1.33893200499174e-124,1,8.68312315302456e-34,4.59665279235522e-144
4.91935668335813e-204,3.13934048099291e-34,1.74024086092836e-41,7.1787984932015e-125,1
2.03137267759667e-30,1.77683981988114e-90,1.0197612236492e-10,0.999999999898024,5.03851917861712e-118
3.49025098347768e-141,1.01002056869339e-22,0.331532364397731,1.32845903771202e-71,0.668467635602269
1.27058510214059e-54,4.68436332087757e-26,0.999999999999609,3.91133779659198e-13,1.43212654055892e-31
1.28874849406044e-47,4.7507544375504e-28,0.999999999924007,7.59929168844195e-11,2.03935039376755e-34
1.56654311382094e-143,8.70019869865182e-44,1,1.96891958008598e-66,1.47461712712201e-30
1.54825642915066e-37,5.1369511783271e-84,2.89226726071728e-07,0.999999710773274,2.81669115352232e-110
1.50443154911325e-110,3.57307530590091e-53,1,1.16786743399425e-55,5.86758763400628e-44
6.6645428727789e-243,8.03380764860657e-44,5.82214657666058e-75,1.00970067035634e-165,1
1.08802890807789e-36,1.42831281814404e-53,0.892503928178545,0.107496071821455,3.2824098765375e-70
1.34132537883514e-224,3.08206369110494e-42,1.13018072218811e-69,3.49639372792423e-156,1
1.75660610571822e-230,9.54480501158764e-43,2.25712282194045e-71,3.00353431883495e-159,1
3.96795684871944e-149,2.99064642738879e-23,0.00223392025507532,1.1649034632451e-75,0.997766079744925
1.14190030724054e-131,5.74145190567223e-28,1.404398872208e-20,3.72487683582039e-87,1
6.47519444088931e-60,1.50285585364207e-24,0.999999999999993,7.30357881760319e-15,2.02459976503539e-29
0,0,0,0,0
6.77470561527221e-138,2.1656674285846e-45,1,1.36495160059018e-64,7.56634476708753e-33
9.89951725802859e-31,2.58124063455875e-156,3.03915678952602e-27,1,1.04726622034523e-203
7.77832705088282e-109,5.43128609426894e-26,5.54820750318911e-14,2.95930518822982e-75,0.999999999999944
1.63269199135237e-40,2.00827300597003e-52,0.993487031387689,0.00651296861231059,1.3651470291411e-68
5.01146168246839e-278,4.33531863054938e-53,2.35134520267033e-107,1.26992568662195e-204,1
2.42469466700435e-120,5.48540424410785e-27,2.62987785556268e-17,2.98162940563721e-81,1
9.46521969960293e-246,4.5551251265643e-44,8.75756411029097e-76,3.31191897768402e-167,1
2.44982952525294e-38,2.73853181768343e-83,7.07361389812529e-07,0.99999929263861,2.09535689962926e-109
4.11337269439854e-45,4.12193850317735e-51,0.99979415595947,0.000205844040530122,1.01723958921336e-66
1.77983138104864e-22,3.27499006463814e-35,0.98773133452179,0.0122686654782098,1.22432802015823e-44
8.84113429818149e-39,6.90711652022249e-83,1.1597086801347e-06,0.99999884029132,6.35375047275252e-109
1.61080438618124e-51,0.000115267437870465,0.874567893770892,8.94874286946234e-18,0.125316838791238
2.40716386327976e-145,6.20983433229205e-23,0.0271746029119035,1.07793197137065e-73,0.972825397088097
4.22100665518701e-162,2.25952782069331e-24,3.99704263915677e-07,2.0206858321699e-82,0.999999600295736
1.20873988394655e-137,1.83668058000966e-45,1,1.64909913356156e-64,5.98038576119373e-33
9.50805234353365e-31,3.07841224560406e-123,6.75833697947965e-19,1,1.12239009010722e-160
2.04985393179234e-31,1.45126527745445e-56,0.0615568803793235,0.938443119620677,5.49350028834224e-74
5.08389649873728e-115,6.69108283029221e-52,1,4.04536680173744e-57,3.84613794791265e-42
2.28996313196993e-49,3.25636082849069e-05,0.98032978144799,4.8788616381397e-17,0.0196376549437252
2.82068523896893e-202,4.45662358621098e-34,5.60576412644396e-41,5.92251982934227e-124,1
9.21273933552695e-129,1.21672358725782e-25,0.999971642034843,3.18779070399572e-67,2.8357965156492e-05
8.52965205719929e-203,4.01844052823992e-34,3.96798825301203e-41,3.17539029223556e-124,1
3.49890395153768e-31,9.17133788851475e-57,0.0484800356242042,0.951519964375796,3.15977073066345e-74
4.26951339389872e-215,3.46438796570035e-35,1.10883890630653e-44,1.23333454739986e-130,1
1.02713529737115e-162,1.99941725116346e-24,2.65712360210521e-07,9.67406240060527e-83,0.99999973428764
1.63457425798132e-98,6.00867096982777e-79,1,4.10856278747015e-46,3.9248287193494e-80
2.91420909835658e-53,1.92070356355793e-26,0.999999999998912,1.08821747767908e-12,4.01075098797433e-32
3.93936238323429e-49,5.74004405954886e-50,0.999989978560998,1.00214390019316e-05,4.36821474861047e-65
2.72740487680434e-135,3.92892310555533e-46,1,9.68169607203977e-64,6.61568194577177e-34
2.94708224027508e-81,2.05252465116345e-06,9.81321585090381e-09,7.67711663416474e-33,0.999997937662133
4.96398963970824e-54,3.17849978295472e-26,0.99999999999939,6.10429995882857e-13,8.23250036664344e-32
1.82582956784084e-115,1.44951883220293e-26,6.74330236046809e-16,1.03779568766119e-78,0.999999999999999
3.60879473614826e-215,3.41435008366249e-35,1.05626684320898e-44,1.12986569860984e-130,1
8.2946282256203e-267,6.8596088604183e-46,7.22430436541993e-82,3.51209009078829e-178,1
2.21113006218614e-39,2.15435485945159e-30,0.999999962810631,3.71893689457701e-08,9.20389383120406e-38
2.62504402632827e-141,1.01204380197026e-22,0.311740561627251,1.16127801270317e-71,0.688259438372749
9.30969336790809e-159,4.39894527133525e-24,3.69572902037114e-06,1.11699223575965e-80,0.99999630427098
2.63462973082995e-130,1.49829841589534e-47,1,4.1134808871662e-62,6.24112933177255e-36
2.23493280630219e-88,4.96760660836399e-07,8.60528260697444e-11,1.49410123483232e-36,0.999999503153286
7.90492021546801e-111,9.58299230098895e-31,0.999999999998533,2.29711248770225e-61,1.46758177069416e-12
1.13613158974463e-158,4.47541367871827e-24,3.91460965158942e-06,1.23916192549577e-80,0.999996085390348
1.1050068625606e-175,8.91739264567728e-32,2.70091897640325e-33,4.28613465430368e-110,1
3.47829788228216e-151,1.17537866730111e-29,3.22944600890791e-26,2.51051708939619e-97,1
2.19727193114018e-185,1.29038143618265e-32,4.2530130883634e-36,3.76630646143489e-115,1
9.41650245336078e-41,2.35203223238979e-52,0.994554686264999,0.00544531373500088,1.70979142177991e-68
8.6872961665997e-301,4.64928352791457e-55,6.24463245548519e-114,1.74308197336263e-216,1
1.58548263857356e-125,1.45994581279366e-26,0.999998625799085,3.63420446012252e-66,1.3742009146237e-06
4.7221816773607e-53,0.000215805176609221,0.651942354713309,2.31821935602415e-18,0.347841840110081
1.19295048997123e-34,9.69687656585498e-32,0.999998693676705,1.30632329477202e-06,1.10010371924676e-39
7.10674402952783e-202,4.82762942686284e-34,7.32111756630871e-41,9.58653399107257e-124,1
9.57264019352429e-199,5.32205854032985e-40,3.32946962198045e-62,1.04175484730972e-142,1
3.39329137792421e-50,2.5755928781069e-27,0.999999999989081,1.09195998182892e-11,2.27782020894643e-33
3.34232737499527e-204,1.79414879615694e-40,8.82715432041805e-64,1.49187829988939e-145,1
5.86153813430464e-129,1.38380795704967e-25,0.999965923388846,2.7500764367821e-67,3.40766111544e-05
4.40788358448339e-190,5.06064208048979e-33,1.86860282920724e-37,1.34160705667415e-117,1
1.36499491480719e-129,9.38174434411663e-48,1,7.03979759546664e-62,3.19896541336693e-36
2.30189465424118e-120,9.94161107695063e-73,1,2.99445451637878e-53,2.96246243295342e-71
1.46426269445289e-126,5.76650126148538e-71,1,2.83363812227481e-55,9.75383507088032e-69
2.35109139102137e-24,5.56858428266565e-96,1.16749271864758e-13,0.999999999999883,1.2664470385629e-124
8.3510290590739e-99,7.27416957400389e-79,1,3.29930517607628e-46,5.15607552740525e-80
1.63141342324692e-34,8.06023162326691e-120,4.5331931865624e-17,1,1.40826153946023e-156
1.21038578956555e-155,8.18103132152098e-24,2.93320040172418e-05,4.68782678005254e-79,0.999970667995983
4.31674008149446e-137,1.27851384183677e-45,1,2.49929357935135e-64,3.56554788507997e-33
1.77645996320113e-23,8.88203918432405e-97,4.37743172362804e-14,0.999999999999956,1.40161309938964e-125
1.99626364019397e-53,2.13904226364119e-26,0.999999999999038,9.61720556033443e-13,4.67712776700141e-32
4.73220026176784e-164,1.53194648296086e-24,1.09212026873737e-07,1.94548349761717e-83,0.999999890787973
2.44294045528033e-10,1.05352845487181e-108,1.85407261667193e-20,0.999999999755706,7.02026906125911e-140
1.15250390596509e-48,4.22894550285565e-50,0.999985769807978,1.42301920217579e-05,2.82413409557471e-65
3.76891892213453e-88,5.19740495091713e-07,1.00076702898579e-10,1.96183033810019e-36,0.999999480159428
1.98240885737823e-11,1.18385987856485e-74,1.36708313642745e-11,0.999999999966505,1.10802108865497e-95
9.78953163195861e-131,1.9859129116843e-47,1,2.97694572544213e-62,9.33142402526579e-36
1.52116996940197e-96,3.69323814107087e-57,1,4.38360785940544e-51,1.19822169922463e-49
1.57410241194493e-252,1.17996633245597e-44,9.63523288747953e-78,9.70503113270621e-171,1
1.84697087281306e-163,1.01851183665425e-30,9.17984708079999e-30,1.00557178342262e-103,1
0.457858926033014,1.09081618340352e-150,1.08808079022061e-33,0.542141073966986,1.53875805527813e-193
1.81306611669641e-188,6.98054522268713e-33,5.46844809911622e-37,9.30881122136856e-117,1
1.71988979329355e-143,8.47201415761999e-44,1,2.02990477625818e-66,1.41971481996764e-30
3.52093172651142e-26,2.52330607443541e-94,8.96041950798252e-13,0.999999999999104,1.2262023536068e-122
3.57392222825606e-290,3.85383725096427e-54,7.2782842966098e-111,5.9317645603807e-211,1
2.64487420302313e-29,1.30831048617728e-157,6.17521434096901e-28,1,2.9314667623231e-205
0.999993665185049,3.17693821541362e-61,3.65510281269761e-16,6.33481495028383e-06,3.54799959920969e-75
1.55896094663418e-30,6.53403311738046e-33,0.99997112410312,2.88758968799469e-05,2.33919876518037e-41
1.39086377854981e-19,2.59490558886993e-100,5.6554549501314e-16,0.999999999999999,8.10119793816597e-130
1.37666967892796e-194,1.21864048712092e-39,5.29160356142577e-61,1.53002187741969e-140,1
4.45636058764459e-141,1.00680283519468e-22,0.349106538530548,1.48976134760573e-71,0.650893461469452
4.50356395208581e-256,5.82417067340955e-45,9.12286018593078e-79,1.38112356752332e-172,1
3.74603655406649e-213,5.10247875148173e-35,4.03895019873414e-44,1.27005045132538e-129,1
5.15143540482835e-140,8.68217060322581e-45,1,2.77327723581106e-65,5.492697193169e-32
1.9986345429513e-21,1.22076043537406e-98,4.42836715608865e-15,0.999999999999996,8.20446288491567e-128
2.93472316459166e-38,2.32447404245566e-83,6.48031795343312e-07,0.999999351968205,1.72143471891435e-109
1.93615187172821e-119,5.42315594811998e-73,1,6.00352030498548e-53,1.24709595240754e-71
6.22090004900925e-190,5.21378706890056e-33,2.06416303215686e-37,1.60547985119857e-117,1
2.96204593149563e-38,1.02941406514457e-30,0.999999913198473,8.68015269899459e-08,3.20700118019152e-38
8.68717699859458e-208,1.48617237268963e-34,1.43329991600505e-42,7.94463596796051e-127,1
1.49602304394232e-59,1.18417500423045e-24,0.99999999999999,9.60124533130665e-15,1.44072054268079e-29
2.22237353023574e-62,7.55565965392929e-24,0.999999999999999,1.14437541245978e-15,2.03048113419771e-28
5.17522161953326e-88,1.23760663448048e-126,1,1.87656426917599e-31,5.73372475894992e-147
3.2754016775675e-126,2.28692131182505e-26,0.999997391974388,2.1711945380633e-66,2.60802561223883e-06
1.21361988185493e-135,4.94714459918388e-46,1,7.4316501306923e-64,9.19286995434344e-34
6.86524379739197e-32,3.62767616548768e-56,0.0985742939025303,0.90142570609747,1.66122272707268e-73
4.96527399878866e-122,3.59331838511303e-16,9.24336723611626e-43,1.09734384200936e-74,1
0.999812780207522,1.33603871169919e-157,5.38461714892443e-39,0.000187219792478478,3.87541158917849e-201
6.89283735658913e-85,9.95588633263757e-07,8.76589255177553e-10,9.83608257115405e-35,0.999999003534778
5.19683144852189e-124,1.08435756348491e-71,1,1.92885157609194e-54,8.9764306485629e-70
5.49268014006545e-133,1.93494135657154e-24,0.998527078617862,1.32791359875461e-68,0.00147292138213774
1.27519799761387e-70,1.70876535921174e-05,1.16053833938539e-05,2.68216418236774e-27,0.999971306963014
1.55740622770861e-33,5.75488061398767e-55,0.366403754398342,0.633596245601658,4.90138585888472e-72
0.999874039611896,9.53283804024601e-59,3.09952509923429e-14,0.000125960388072395,1.82757697564109e-72
3.06995388231969e-194,2.21039668120159e-33,1.17626972664548e-38,9.1423514522176e-120,1
4.26848228620451e-201,3.33162621441466e-40,6.96991053626211e-63,6.20317127472271e-144,1
1.82975419595255e-192,3.14842105458983e-33,3.83168863692727e-38,7.69619356581211e-119,1
1.37159651421824e-53,0.000245856050564195,0.548700473813205,1.37835832985985e-18,0.45105367013623
4.22199776118241e-78,3.84949419231301e-06,8.01002777905724e-08,3.38910721901936e-31,0.99999607040553
3.43982212878942e-151,1.98604393389496e-23,0.000567348907528349,9.8166228746176e-77,0.999432651092472
2.88684703250863e-72,1.23118592667954e-05,3.88480076599268e-06,3.72458741157737e-28,0.999983803339967
3.60505734437561e-85,9.41285809796207e-07,7.26897616664741e-10,7.01648089665426e-35,0.999999057987293
2.83148865504765e-61,3.66221279990167e-24,0.999999999999997,2.62762327641661e-15,7.22063271536159e-29
1.83566366266218e-266,7.34773817696095e-46,9.08798198238536e-82,5.31334907282049e-178,1
4.11575763429135e-143,8.91078164954958e-23,0.112445949679269,1.50405966067704e-72,0.887554050320731
8.46821975297467e-51,3.82328475546869e-27,0.999999999993061,6.93909101282928e-12,4.00349212258609e-33
8.52653474706101e-138,2.02845909833311e-45,1,1.47143845343767e-64,6.89137136691395e-33
7.01065354166285e-161,2.88150976340972e-24,9.00124798439608e-07,8.73993598456179e-82,0.999999099875202
5.65264131895504e-68,2.45395147233877e-132,1,6.58491596059942e-25,4.14186078718121e-155
0.999608176130175,8.11516056872129e-25,3.21152986051004e-05,0.000359708571219766,1.6778450311548e-28
4.60412626395283e-131,5.49519500519574e-25,0.999755938115454,5.64630321318374e-68,0.00024406188454604
9.17702931638344e-154,1.18972361383948e-23,0.000102423153722789,4.47348591402377e-78,0.999897576846277
5.49502271949349e-27,1.3621086283333e-93,2.2061387243634e-12,0.999999999997794,9.25958098164858e-122
5.217890252153e-68,2.87527292399274e-05,6.59534236026757e-05,6.16215253818877e-26,0.999905293847157
5.68425653501275e-131,5.17543337737512e-25,0.999775959517226,6.0487502505208e-68,0.000224040482774116
2.20705461293189e-127,4.92756445923571e-26,0.999992197205295,8.99625909884758e-67,7.80279470539394e-06
9.87354132393775e-75,7.53243148488112e-06,7.53257614768378e-07,1.93149149064633e-29,0.9999917143109
2.97928288099073e-88,7.22234840208296e-82,1,9.22954482811516e-43,2.66111673265961e-84
2.42875556949821e-26,3.53476346771703e-94,1.07289760672142e-12,0.999999999998927,1.83695497023966e-122
1.44045237132464e-151,1.84215167619043e-23,0.000441237136348626,6.23685461309338e-77,0.999558762863651
8.30025200598965e-05,1.00427201920919e-113,3.84622957304985e-23,0.99991699747994,6.69790903151806e-146
3.02564633876646e-208,1.35653442079674e-34,1.05681922960487e-42,4.58506216335396e-127,1
5.73037557448727e-67,3.53758188377295e-05,0.000131788002989027,2.14830505496202e-25,0.999832836178173
6.36832672421894e-40,7.52213977831768e-82,4.15467528961912e-06,0.99999584532471,1.11313497616121e-107
1.3922326667698e-196,1.3857403330566e-33,2.47445250092723e-39,5.49200137695746e-121,1
2.85748524834861e-35,4.50503783738097e-86,2.30138630590293e-08,0.999999976986137,9.62027846028715e-113
2.40513484647937e-126,5.00699685789261e-71,1,3.33227299328529e-55,7.97283901995169e-69
2.00638391028459e-96,1.52850249588651e-79,1,1.97710762195452e-45,5.5602011575085e-81
1.86881240558938e-188,6.998862507912e-33,5.51650230312969e-37,9.45689844484551e-117,1
2.49741986992223e-88,5.01557277312216e-07,8.88583462025013e-11,1.58312308778566e-36,0.999999498353864
5.25465715398029e-110,2.50299844445733e-53,1,1.75716153505552e-55,3.53002466883422e-44
2.85636376720041e-18,4.72272548611254e-14,0.999999290230264,7.09769683883172e-07,4.69282421598417e-15
1.84550938621474e-43,1.39539863891746e-51,0.999287209748926,0.000712790251073951,2.16753572155228e-67
3.44475750439085e-122,7.34068667866303e-50,1,1.84208699386246e-59,3.14548255910231e-39
7.62429619855415e-154,6.91936448772566e-30,5.50654350214638e-27,1.03246919363912e-98,1
5.84554292234841e-138,4.23200250342836e-23,0.872329244517798,2.87953302621864e-70,0.127670755482202
9.45513925924405e-207,1.8272079148754e-34,2.85674566022531e-42,2.75689726627862e-126,1
4.51867876475496e-95,6.29984323629081e-80,1,5.46806794481894e-45,1.56874509263991e-81
8.50658071086603e-151,2.14757749737181e-23,0.000736887381132083,1.57348272736404e-76,0.999263112618868
1.55110756647412e-36,3.33706446361695e-31,0.999999683752861,3.16247139266913e-07,6.4221011827877e-39
5.16968026435694e-17,3.97499283159358e-37,0.517026831281207,0.482973168718793,2.97162235629676e-47
3.59436067540231e-86,3.7021528124827e-127,1,7.49759400784189e-31,1.02373450558609e-147
1.00852559064332e-162,1.17967443714771e-30,1.49907933437445e-29,2.4357674893254e-103,1
1.26338514103642e-110,8.3858601710738e-31,0.999999999998787,2.67730185350286e-61,1.21301849376218e-12
2.25820625133477e-126,5.09762893515699e-71,1,3.26436499844311e-55,8.1796617253785e-69
2.0851100638348e-161,2.59446729700606e-24,6.34098097284875e-07,4.64561498249884e-82,0.999999365901903
9.99627126736021e-24,1.13239707797148e-162,1.21668194553862e-30,1,2.49115363788704e-211
7.85627964838918e-136,2.29745412550403e-17,9.52180760766775e-47,7.04330755085774e-82,1
7.76098048994656e-108,2.70492208782119e-76,1,3.70106467285506e-49,2.40880028766163e-76
1.45320368891968e-24,5.67056697411017e-195,1.42182516134625e-38,1,1.98136470133162e-253
1.98024621519055e-26,4.25444037603151e-94,1.18458789998961e-12,0.999999999998815,2.29405782625228e-122
9.90706694142863e-35,1.26758031282711e-119,5.77405240163132e-17,1,2.42359128039536e-156
3.12269780425035e-109,1.50727196484518e-53,1,3.1450045693774e-55,1.7112762103619e-44
1.10201393093505e-56,1.80893955720834e-25,0.999999999999917,8.29596652411022e-14,9.85515928316496e-31
7.36178982505859e-29,5.93955434263301e-125,8.19568140994555e-20,1,9.86742973274533e-163
5.49212903035207e-25,1.5769076561595e-161,4.97071811873905e-30,1,5.86053198180779e-210
8.49325694541927e-162,1.4185373113754e-30,2.77443433192201e-29,7.39473706667019e-103,1
3.25804198609146e-46,1.89470791387217e-28,0.999999999781742,2.182583116056e-10,5.48986820238417e-35
1.94148184098092e-32,2.2764268793223e-32,0.999993107091396,6.89290860409697e-06,1.38972751291302e-40
5.6385972498437e-126,8.77390383577469e-49,1,1.06826715922955e-60,1.08610511724193e-37
3.1392664880881e-33,6.32697811498492e-88,2.35519265646006e-09,0.999999997644807,5.77906175309919e-115
1.11037880785763e-264,1.04792830390261e-45,2.97306703651869e-81,4.50744945472139e-177,1
7.9291532453681e-212,6.6450313065972e-35,9.75568904319041e-44,6.23327772920751e-129,1
1.53631784867722e-107,1.11071188563912e-31,0.999999999999932,2.72485708461266e-60,6.76869281030174e-14
6.10220567674992e-179,4.65925732558059e-32,3.09236996405327e-34,8.59305621654601e-112,1
2.08674219235111e-212,5.92007959057465e-35,6.63380126309755e-44,3.10858142438153e-129,1
3.54494647341985e-17,1.69772534989934e-102,3.84785495507225e-17,1,1.94722431784056e-132
1.00804231472719e-34,1.24777728256913e-119,5.72567016063002e-17,1,2.37826070966762e-156
2.71024069352035e-133,1.06138454856997e-46,1,4.34833341195961e-63,1.02122489020298e-34
4.28491673895777e-16,1.53753973125213e-136,5.26767299687076e-26,1,1.25994149379832e-176
2.17351109372176e-33,4.24515094899687e-32,0.999996628800617,3.37119938259739e-06,3.38295248510145e-40
5.53538451577548e-24,1.93642184595901e-162,1.62065717817644e-30,1,4.74014542860345e-211
6.11637923434617e-56,1.11071144456008e-25,0.999999999999855,1.45205368541371e-13,4.9120616279408e-31
4.28340323358608e-25,2.61204941086461e-95,2.66660032877774e-13,0.999999999999733,8.08099849935399e-124
0.999999999999933,1.11423480020498e-208,2.32344381992494e-61,6.72118774984276e-14,7.11416742034789e-264
1.33566307469122e-37,5.87396825526508e-84,3.10709143841715e-07,0.999999689290856,3.30794332397143e-110
2.40461313891667e-258,3.70323991868362e-45,2.0118204665017e-79,9.03360450343944e-174,1
1.87508280937846e-26,3.88831281206783e-127,5.57796696546874e-21,1,2.37347304807872e-165
0,0,0,0,0
1.38385283845525e-126,2.92238327208904e-26,0.999996298888207,1.63862830078225e-66,3.70111179307285e-06
1,4.74776410212578e-161,4.44950601967651e-59,1.36250646023482e-23,4.27276586940615e-198
3.25284065008019e-210,9.1639234042953e-35,2.85281433418769e-43,4.31904068903818e-128,1
9.61909785372302e-46,1.39230429067378e-28,0.999999999689153,3.10846909300905e-10,3.53619702124476e-35
1.58023640252161e-129,8.06718535875224e-17,6.30723513976858e-45,1.35829281331541e-78,1
4.32328654123217e-77,4.7079244377645e-06,1.56860712230255e-07,1.13926337111312e-30,0.99999513521485
4.51989185133468e-120,1.83224132077492e-50,1,9.05961674728772e-59,4.33701676732093e-40
0.971529758489522,3.03121379096907e-54,9.85040291354389e-11,0.0284702414119737,1.55588784404302e-67
5.25675217857335e-39,7.34607610439735e-53,0.979942950699364,0.0200570493006365,3.26735436223549e-69
5.18979475991924e-125,2.08896181823424e-71,1,9.08810076908271e-55,2.2888974444452e-69
3.23960614059685e-51,9.82288476425533e-05,0.901452090649144,1.1474478076801e-17,0.0984496805032133
5.52605169436145e-197,1.27925035198871e-33,1.89470717279973e-39,3.39301309610501e-121,1
4.68231162168251e-120,4.05081397822672e-28,0.999999991766993,2.22429528081045e-64,8.23300712799052e-09
3.70953648871315e-44,4.92403188944765e-29,0.99999999897518,1.02482040208203e-09,8.01854209293608e-36
3.6937660229179e-302,3.53761294996043e-55,2.50782351370908e-114,3.36181025799993e-217,1
1.81986714317917e-51,5.92205804099656e-27,0.999999999995801,4.19944878314431e-12,7.47714541251638e-33
2.31858084576663e-62,7.46507963064215e-24,0.999999999999999,1.16032665403012e-15,1.99581936900965e-28
1,1.59476381560103e-121,4.1918643885264e-63,1.56163071836443e-37,3.45413174498031e-141
1.39717438067766e-71,1.41118411377576e-05,6.12657840076131e-06,8.47209072472436e-28,0.999979761580462
9.27787929488868e-131,4.50210395479699e-25,0.999816386678221,7.09866906697878e-68,0.000183613321779118
3.38962870936265e-135,8.12627435940827e-24,0.988524594397818,2.50314372767877e-69,0.0114754056021816
1.39507849107763e-39,2.45606468625344e-30,0.99999996800464,3.19953603669698e-08,1.10977433218705e-37
2.06984878183209e-133,4.05792714241908e-28,4.40865520573428e-21,4.60670410854528e-88,1
1.401676419296e-128,1.07975501037614e-25,0.999976087281709,3.65614140393785e-67,2.39127182908067e-05
1.78771293211254e-139,6.09318368488789e-45,1,4.16385942548083e-65,3.31315988466561e-32
6.4659402430728e-38,3.48046555835911e-53,0.955248698477398,0.0447513015226019,1.1370885380724e-69
8.75952005584506e-216,3.0206409956881e-35,7.01666378567068e-45,5.40215435006588e-131,1
2.34684813205947e-37,5.71180755271397e-31,0.999999829338348,1.70661651774251e-07,1.38322721224352e-38
3.38342687274942e-128,3.7627048799144e-48,1,2.00891226513683e-61,8.68077529610915e-37
9.44641400072829e-28,7.72680986761021e-60,0.00112831410533483,0.998871685894665,6.44039546495043e-78
1.15968786487988e-276,5.68967757730757e-53,5.8276414978153e-107,6.52911954580802e-204,1
6.07784280166808e-202,4.76273424630976e-34,6.99768751378174e-41,8.83614664616026e-124,1
2.97647672637646e-35,3.77591516573896e-119,1.03468394000944e-16,1,8.97196473120054e-156
1.81590865566977e-21,1.53115502905571e-65,1.01164522443436e-06,0.999998988354776,9.34083567523858e-85
2.12627149400481e-40,4.19512159032608e-30,0.999999982692513,1.73074873371536e-08,2.38319847327549e-37
9.00014423298361e-47,2.73240483453139e-28,0.999999999856623,1.43376613303509e-10,9.25881659421693e-35
9.28150873572359e-214,4.52214925927519e-35,2.69901312011484e-44,6.13782352746525e-130,1
2.50768753022026e-39,2.16784516270948e-82,2.13696912498934e-06,0.999997863030875,2.50414584910134e-108
0.000231974992668451,2.98802480979561e-180,4.91192520898772e-40,0.999768025007332,2.07946246494193e-232
8.30983566766103e-158,5.31633795450926e-24,6.95583891589909e-06,3.49547562830258e-80,0.999993044161084
3.91441650443312e-31,6.889407686593e-123,1.03944080244361e-18,1,2.94885992311018e-160
3.32120833590277e-62,6.73933894312695e-24,0.999999999999999,1.30484588430598e-15,1.72468974291524e-28
1.40128912724526e-21,1.68501979465745e-98,5.2607173216397e-15,0.999999999999995,1.20751706116839e-127
2.45157325468943e-177,6.41380207812794e-32,8.98844021377001e-34,5.88962022404929e-111,1
1.10440779866092e-261,1.90429656325548e-45,2.18396550616838e-80,1.64524079262886e-175,1
4.16203771083273e-265,9.62616443978449e-46,2.23914948630829e-81,2.70286957040919e-177,1
1.79561620117234e-127,1.04782740694587e-70,1,1.42773909499006e-55,2.28804461101136e-68
3.58608643789798e-08,8.60419210254549e-177,3.46685915327875e-38,0.999999964139136,2.92414849632308e-228
1.75590271348839e-101,2.15610332488411e-14,7.9878328693752e-37,5.61948069798168e-64,0.999999999999978
6.56307731370511e-162,2.34750072816006e-24,4.54066601401675e-07,2.54333292109809e-82,0.999999545933399
5.99431836589005e-39,9.82855712487686e-83,1.40027723644425e-06,0.999998599722764,9.69892210129834e-109
2.58824910868423e-34,5.30155833632912e-120,3.62388781294278e-17,1,8.52147518698071e-157
7.75512727298702e-81,1.31885421521733e-12,7.36065013525501e-31,3.23116487015461e-53,0.999999999998681
4.15638354823228e-93,8.67609410450769e-36,1,1.41056976301083e-55,9.26669615743502e-20
8.47368718357893e-23,2.15086691113197e-97,2.05157568991875e-14,0.99999999999998,2.55920535243551e-126
3.29880991686036e-261,2.09343040218355e-45,2.99600050716565e-80,2.91008307172937e-175,1
4.3190015969857e-103,1.20681275875326e-77,1,1.31327280364583e-47,2.84312252914677e-78
6.75601937052569e-60,6.15105141230548e-90,1,1.68679179535921e-33,8.02893214282036e-96
2.0788441535835e-21,1.59581635782356e-35,0.972895943190654,0.027104056809346,4.41540439463181e-45
5.09149973692444e-46,3.72213984728448e-06,0.999115544970389,6.12515755545707e-16,0.000880732889763164
7.58500889939457e-305,2.0708362948152e-55,4.19622349561761e-115,1.33633026604442e-218,1
2.10558687581467e-34,1.75776684903035e-54,0.560954324875799,0.439045675124201,2.01144368420161e-71
1.20727180956271e-81,4.25861610382092e-106,1,5.47519376748277e-35,2.85673529155488e-118
5.05671447422645e-64,1.84193043274103e-133,1,1.2861173846322e-23,1.02734995083299e-156
3.65953390033254e-37,2.35287707220943e-84,1.90556013065398e-07,0.999999809443987,1.10437835692018e-110
2.22921356918463e-174,1.15650600153097e-31,6.4338671783874e-33,2.0515656834265e-109,1
1.39672131671029e-32,1.41954571133216e-121,5.23569132108792e-18,1,1.109759930012e-158
7.65521001467834e-188,7.9071665232548e-33,8.29062502852397e-37,1.97201673484016e-116,1
1.96279369941647e-15,3.92084321448808e-38,0.190687974537239,0.809312025462759,1.66769723759377e-48
1.91020502511119e-131,3.16176036364669e-47,1,1.74568164487886e-62,1.81250844283011e-35
7.34226637752263e-250,2.00823512129615e-44,5.68713285594825e-77,2.3872724255802e-169,1
4.77852856488793e-39,1.20739691901201e-82,1.56303053183874e-06,0.999998436969468,1.24129549035384e-108
1.13339970098926e-39,4.4574767361555e-82,3.14119847055072e-06,0.999996858801529,5.9436072243905e-108
8.52455695833904e-211,8.1611873791437e-35,1.93753012417457e-43,2.14920467873909e-128,1
2.63047296752955e-13,4.52936868248047e-139,2.33983114457313e-27,0.999999999999737,1.16329128948227e-179
1.59523370715442e-145,6.00947227451372e-23,0.0241818604252059,8.71176619783319e-74,0.975818139574794
2.55018955001381e-128,4.07796424832609e-48,1,1.83170486014331e-61,9.73741708080553e-37
1.96079443536708e-05,2.44879407523404e-212,7.46950655693062e-48,0.999980392055646,2.98560188075385e-274
7.11233827709072e-49,1.08348222110594e-27,0.9999999999705,2.94996817996499e-11,6.61698083844972e-34
3.59023368484363e-33,1.52456082031363e-97,1,9.04652949313095e-25,1.11315010522888e-106
1.44108983084242e-164,1.38216292025407e-24,7.74617953351528e-08,1.04690765524063e-83,0.999999922538205
9.09376861296262e-143,5.27422302024755e-44,1,3.49712477107911e-66,7.21704226130192e-31
6.47447989478572e-37,1.40180238182472e-84,1.44487794229323e-07,0.999999855512206,5.93507177195783e-111
0.000470642673187328,2.38819616141696e-81,3.61259597323266e-15,0.999529357326809,1.03837936902967e-103
5.9223815561405e-131,2.29127122299584e-47,1,2.52626025471382e-62,1.14452589984186e-35
8.23235854240163e-142,2.81752554786501e-44,1,7.18170598937547e-66,2.94873058076939e-31
8.63899871180107e-30,3.61249002497089e-157,1.06260121421598e-27,1,9.90836062264516e-205
5.16364300299814e-208,1.42075415353485e-34,1.23329437487547e-42,6.05800060900726e-127,1
4.3354242844133e-123,5.92899745968236e-72,1,3.85677169315963e-54,3.79138139178648e-70
1.79587346873093e-06,2.83466359775702e-145,1.1325605926992e-30,0.999998204126531,4.23686960631755e-187
2.07527916643285e-197,6.94535699948622e-40,8.09778490295326e-62,5.17697439498736e-142,1
1.49730874373116e-115,4.24285599633405e-74,1,1.1180942177093e-51,3.2818460674438e-73
4.13020599417119e-114,7.3915745206987e-97,1,1.36135598950822e-45,4.42797255246602e-105
7.63272539130312e-44,1.794404597161e-51,0.999465717741968,0.000534282258031534,3.10355435333879e-67
5.74748258355921e-150,2.53240817184916e-23,0.00127921989054692,4.25773014474115e-76,0.998720780109453
1.51362127572478e-76,5.24713194631222e-06,2.2528770638608e-07,2.18901143414727e-30,0.999994527580347
1.55750878311659e-15,6.29867877718769e-71,1.33941118655713e-09,0.999999998660587,3.25329657292025e-91
7.4533886711413e-75,7.3513597380161e-06,6.94484659931884e-07,1.66819812466815e-29,0.999991954155602
2.36920433352337e-237,2.42808506175021e-43,2.33749728790719e-73,7.89108194681349e-163,1
1.37007683083058e-167,4.47301427235572e-31,5.88486513340942e-31,7.08136549674008e-106,1
6.97861043327831e-83,1.0675076212797e-38,1,3.08488669890954e-52,6.49611452012848e-24
6.91080005011238e-218,1.9866424217135e-35,1.73211011985999e-45,4.33077050609036e-132,1
4.74846287754381e-30,9.19345887762501e-58,0.014415912278384,0.985584087721616,1.98962596171073e-75
1.64114487647103e-212,5.79829128932397e-35,6.18903950117558e-44,2.7427896453948e-129,1
4.95817134407866e-203,3.83414913410203e-34,3.39235527202205e-41,2.39333588031875e-124,1
1.25171824772783e-48,9.22478966809424e-28,0.999999999964518,3.54816613839127e-11,5.25919923601535e-34
3.92397280663323e-120,4.25971125290721e-28,0.999999991154256,2.09956073152535e-64,8.84574441842048e-09
1.2874167686848e-202,4.16417517165951e-34,4.46913254962736e-41,3.93528792291032e-124,1
2.14649645340419e-45,1.10796767862136e-28,0.999999999595974,4.04026284621781e-10,2.55215879120408e-35
6.18849497300588e-41,2.65286653743441e-52,0.995250142835061,0.00474985716493914,2.02972598474895e-68
1.36323432001794e-289,4.32720175840008e-54,1.07153467456776e-110,1.19181031162237e-210,1
3.12492894335608e-124,6.25005732049853e-27,0.999999590697736,9.62265732876568e-66,4.09302263656018e-07
8.41694624579264e-150,1.54854624994258e-29,8.10797569645183e-26,1.32116185824599e-96,1
5.99539911166686e-44,1.92214250288389e-51,0.999506222477958,0.000493777522041578,3.42363633844835e-67
3.66503600478927e-127,1.90997744421386e-48,1,4.37457259413696e-61,3.29737379095606e-37
5.01544700180419e-124,2.44616927209394e-49,1,4.62736514830819e-60,1.75375478262844e-38
1.34366598116143e-35,5.84925573941647e-54,0.777374937175482,0.222625062824518,9.73474666720779e-71
7.36928510971808e-08,6.80067154898466e-78,2.53491539631072e-13,0.999999926306895,1.44070547624699e-99
1.89289500784887e-127,1.03221205782526e-70,1,1.45255641227841e-55,2.2395218700264e-68
4.33789359056528e-248,2.85829639541934e-44,1.84788659382098e-76,2.00047563150004e-168,1
2.47832758492728e-183,1.94228144677764e-32,1.66575444680592e-35,4.42085170315215e-114,1
2.1246312156478e-40,1.86184881678774e-52,0.992904750968892,0.00709524903110837,1.22560617387376e-68
5.1399431419721e-129,1.43651975907378e-25,0.999964055283031,2.63456372551444e-67,3.59447169692857e-05
3.46702340156535e-33,5.78159842295794e-88,2.24442876175244e-09,0.999999997755571,5.18698011562298e-115
0.999999999956912,3.83295237140732e-104,3.55110867593161e-32,4.30878360194574e-11,5.58753044198586e-129
6.78689210200131e-122,3.69182348117942e-16,1.01167902087743e-42,1.29145821257659e-74,1
2.1741382483802e-63,1.46411445403386e-23,0.999999999999999,5.35577427090442e-16,5.2210082302262e-28
3.77671309347262e-164,1.5023376393268e-24,1.0232279473884e-07,1.72973317205098e-83,0.999999897677205
1.00251687370934e-138,3.73030739178169e-45,1,7.31269081517088e-65,1.64444641362863e-32
2.95763925899684e-140,1.01673976482656e-44,1,2.3135567401963e-65,6.88165847688731e-32
5.13711431192832e-44,2.00860640603272e-51,0.999530515037023,0.000469484962976734,3.64555487317401e-67
5.06196559658486e-233,5.7535629753461e-43,4.16515980222021e-72,1.42451828936695e-160,1
2.15281851897618e-29,1.57709641392673e-157,6.82364781686651e-28,1,3.66765629500498e-205
2.10793335493388e-125,2.69953441682775e-71,1,6.77116884304708e-55,3.30067207576615e-69
2.77326316333545e-61,3.68393236253077e-24,0.999999999999997,2.60985058142492e-15,7.28184538345686e-29
1.554247128667e-18,2.90150891987195e-101,1.75385793723223e-16,1,5.85613345146495e-131
1.01650998529728e-31,2.69334145556678e-89,4.35938514404305e-10,0.999999999564061,1.31222688486972e-116
1.88307575282504e-29,2.35406369150528e-91,3.46252371639296e-11,0.999999999965375,4.46374356527213e-119
2.21320036956211e-122,8.3256340703772e-50,1,1.59423177349354e-59,3.76486808092155e-39
1.17213666879307e-145,5.86242496815217e-23,0.0221544895291812,7.42644296040924e-74,0.977845510470819
3.02582384755634e-66,4.0851465727865e-05,0.000213122811620223,5.11339181025832e-25,0.999746025722652
1.25389149246663e-19,2.85095946860162e-100,5.94713625257133e-16,0.999999999999999,9.06892330694609e-130
1.57295540585606e-40,2.02989570197954e-52,0.993565503208354,0.0064344967916462,1.38613179368458e-68
2.36034739873064e-61,0.000107750512055422,0.00549968125952828,1.80817246263121e-22,0.994392568228416
1.15977397883917e-56,0.000246695315213847,0.114741891666947,4.76471166488453e-20,0.885011413017839
1.73456326438684e-98,1.31935955740444e-56,1,1.01668617102297e-51,7.37804216570505e-49
0.00034784331804551,2.73381170020703e-114,1.91869387912014e-23,0.999652156681955,1.40725540062988e-146
8.3827100263641e-44,3.90442757670642e-29,0.99999999866249,1.33751042394943e-09,5.75764257593767e-36
5.42115605479716e-31,5.12635402740496e-123,8.87560666018057e-19,1,2.06881699886158e-160
1.19513155045142e-83,1.27437863837178e-06,1.99873646087797e-09,4.35075555607289e-34,0.999998723622625
1.53567044209117e-216,2.59814098390896e-35,4.24292316735268e-45,2.18004365026759e-131,1
3.98578179316809e-159,4.08759078941657e-24,2.89241850686836e-06,7.17858409212628e-81,0.999997107581493
1.6775730178048e-138,5.48212428653652e-23,0.809233767722065,1.82089035209792e-70,0.190766232277935
1.66886766392573e-123,2.92121775089676e-27,3.2088342565629e-18,6.70474157115907e-83,1
1.60437545152601e-121,4.73792610880897e-50,1,3.04473447275681e-59,1.68356537182209e-39
2.75562777423936e-183,1.96018983733014e-32,1.7175861044247e-35,4.67210006807658e-114,1
2.6503726014978e-138,5.00746099111228e-23,0.834564827464942,2.15861539538273e-70,0.165435172535058
3.01543100338926e-27,1.77661912917357e-159,6.20696267212801e-29,1,1.69133878275374e-207
1.95680046495187e-189,5.75733221504584e-33,2.87428955192578e-37,2.91735436730908e-117,1
8.32769681000181e-133,1.71932716848519e-24,0.998755807683326,1.52150269790679e-68,0.00124419231667423
2.93847850923363e-93,9.5759445456201e-36,1,1.25952219193643e-55,1.06686244109505e-19
4.52514230483697e-150,2.48074033015053e-23,0.00119390571576973,3.75901850716641e-76,0.99880609428423
1.86651941789569e-228,1.42928357132481e-42,8.68924303918166e-71,3.41755698335211e-158,1
0,0,0,0,0
4.6669322613795e-31,7.14540019751554e-57,0.0425488721291258,0.957451127870874,2.33953075665633e-74
1.40289107081617e-16,1.55915475860743e-14,0.999997467655145,2.5323448385687e-06,9.64544230106424e-16
9.12044813954575e-55,5.1478759438738e-26,0.999999999999649,3.50989530026581e-13,1.63863106026669e-31
2.78882497095331e-102,7.0975879983509e-78,1,2.41512958674365e-47,1.33257138533124e-78
1.94856392079158e-201,5.26793196311697e-34,9.79785162399141e-41,1.62165445166201e-123,1
5.47428827259634e-132,1.0069103160535e-24,0.999420525904668,2.81571728089624e-68,0.000579474095331975
5.61041233518534e-12,2.13076649315265e-206,1.11522973761799e-44,0.99999999999439,3.95520442916436e-267
1.5058291654262e-44,6.36429866679109e-29,0.999999999236593,7.63407471821415e-10,1.15657363341e-35
2.34480189040118e-208,1.32693708063961e-34,9.81782662215645e-43,4.01462623060324e-127,1
1.14320330104346e-252,1.14775462336997e-44,8.78477094874692e-78,8.21487657783188e-171,1
1.43512404632064e-35,5.70233608264677e-54,0.773331969077014,0.226668030922986,9.40851494772489e-71
7.40903398226399e-40,6.55649827686713e-82,3.86055945851757e-06,0.999996139440541,9.44057243634337e-108
1.16139440973575e-27,4.223994411101e-159,9.86006144902474e-29,1,4.77799710637102e-207
2.61907272217873e-77,1.11240636640178e-129,1,5.88463464531104e-28,2.56737088404648e-151
4.7266853944218e-74,8.62552981185068e-06,1.18419506186469e-06,4.3685144599295e-29,0.999990190275126
6.31064692237797e-33,2.91973314128047e-121,7.69737093217628e-18,1,2.63498930755651e-158
1.30441191720189e-34,1.13533532145772e-86,1.10183346926141e-08,0.999999988981665,1.84263286977159e-113
3.42192560120662e-58,4.85917797721945e-25,0.999999999999973,2.66889191287612e-14,4.03929309342403e-30
1.08187399579664e-17,5.73226033438686e-69,1.49220855700344e-08,0.999999985077915,7.26853625986138e-89
4.37019103947188e-107,7.40666437805004e-99,1,2.68174753808108e-43,6.19803844143038e-108
1.64523193238597e-216,2.61368132780452e-35,4.32824525394599e-45,2.259765797681e-131,1
3.88244137780586e-216,2.81526768160375e-35,5.54674804802351e-45,3.53506387099474e-131,1
1.97705476326059e-137,1.59669022790672e-45,1,1.93661688029388e-64,4.89679754229238e-33
7.00501200772553e-35,2.95451276342264e-54,0.658566893030842,0.341433106969158,3.94163185276499e-71
5.28623031857666e-185,1.39222914252138e-32,5.48082110958797e-36,5.95140166935533e-115,1
1.70421807176267e-42,1.6568108070994e-29,0.999999996422499,3.57750062006945e-09,1.69343529398058e-36
1.32831211408764e-50,6.94900058372239e-48,1,1.07848592385395e-41,4.98896278212795e-37
8.37896660638322e-57,1.95564205303761e-25,0.999999999999924,7.58575322542584e-14,1.10156473066499e-30
1.12738755018523e-139,6.94746358341759e-45,1,3.58175619310117e-65,3.99567668664611e-32
4.95746453383873e-210,9.5042340092171e-35,3.2221248564574e-43,5.37972781219686e-128,1
1.84052998239291e-138,3.13801538482867e-45,1,8.91784349266904e-65,1.28475795172723e-32
3.54665372740614e-40,3.62667398105135e-30,0.99999997954441,2.04555896088219e-08,1.93590468075839e-37
6.13937164641642e-162,1.37925191359594e-30,2.52611472259573e-29,6.24400473820452e-103,1
2.5656451401984e-122,3.57462450919927e-72,1,6.89348536819003e-54,1.84110909266078e-70
3.55974637825244e-46,1.84755016918008e-28,0.999999999775336,2.24664209503304e-10,5.29584523530916e-35
1.10469753340773e-126,6.24797569063407e-71,1,2.58447547542756e-55,1.09369092828165e-68
3.18971902191245e-61,3.54013272675936e-24,0.999999999999997,2.73188449285356e-15,6.87947214480884e-29
9.22468554436627e-142,1.00492095873199e-22,0.245914700100406,7.03430962223232e-72,0.754085299899594
3.3520916127023e-42,6.10540467803088e-52,0.998163759627128,0.00183624037287204,6.66326558349235e-68
7.75296054691615e-33,2.42214024228806e-121,6.96594023369967e-18,1,2.10610226687743e-158
3.06803097645704e-163,1.80091228404733e-24,1.8741452720224e-07,5.1536393884574e-83,0.999999812585473
2.3315323276564e-33,4.45825185765283e-55,0.328453431597672,0.671546568402328,3.56732773008167e-72
1.67933136686177e-143,8.52974860342443e-44,1,2.01414329316691e-66,1.43354697261021e-30
1.26332598698667e-269,3.91295889384208e-46,1.10883488083534e-82,1.19474319800449e-179,1
8.43737203126879e-05,7.48523050223092e-180,8.02432492493723e-40,0.999915626279687,6.25408078010438e-232
2.33868001466424e-197,1.18751601515738e-33,1.47792330052336e-39,2.16748713999735e-121,1
5.23213483888007e-179,4.59764525938718e-32,2.95794604589991e-34,7.93102230676794e-112,1
7.32128626218317e-35,2.89678829486869e-54,0.654904596516469,0.345095403483531,3.84130093137371e-71
4.16005529913974e-43,1.10693415697061e-51,0.999070617756873,0.000929382243126625,1.55748093757893e-67
1.64199642095048e-62,3.06330700991301e-156,1,1.65163374091939e-17,1.29724677202142e-188
0.999996284483174,1.29593729227705e-28,3.55768031116781e-08,3.67994002312185e-06,1.17043929521635e-32
4.51602252158779e-34,3.67753365304297e-87,6.03246488409934e-09,0.999999993967535,4.76869719850705e-114
1.43667975953741e-35,7.31426431055635e-119,1.47318622324498e-16,1,1.982469246961e-155
1.21750618793873e-72,1.14255661749641e-05,3.02721512317457e-06,2.37499861470169e-28,0.999985547218702
9.66295822291279e-251,1.68500524957419e-44,3.16554278516689e-77,8.2964914306782e-170,1
9.15959547424878e-157,6.54340920495137e-24,1.39145539735131e-05,1.22099827001948e-79,0.999986085446026
1.57140249402286e-240,1.28892518661382e-43,2.82174158652736e-74,1.74054201711419e-164,1
1.61528247318586e-52,1.17978390580611e-26,0.999999999998096,1.90389099158656e-12,2.00014425744912e-32
2.07971459698436e-141,2.16434267222553e-44,1,9.7205510427592e-66,2.02355166702131e-31
1.19094750848901e-121,5.15724907940055e-50,1,2.76234984724276e-59,1.90024027557537e-39
3.83318592748504e-31,7.02180182909906e-123,1.05006797514939e-18,1,3.01694019274927e-160
1.08497417503406e-207,1.51503741024254e-34,1.52836913644568e-42,8.92048414320035e-127,1
4.02478030654113e-47,1.53837820417817e-50,0.999954581825726,4.54181742738354e-05,6.66699561168078e-66
1,1.51387007076792e-116,7.84875699928521e-42,1.3571306917489e-17,1.474891629603e-142
1.07315582852381e-104,3.45404633975561e-77,1,3.92825345615409e-48,1.27575474794321e-77
2.45964809940463e-268,5.05917988401793e-46,2.61438679033438e-82,5.6137481182459e-179,1
2.29331606442284e-05,2.80790172466669e-146,3.2920259843771e-31,0.999977066839356,2.64855979838198e-188
2.53229833065545e-150,2.35959483104673e-23,0.00100969172159896,2.77789639091122e-76,0.998990308278401
2.94055337154761e-266,7.65353177399994e-46,1.04132905365806e-81,6.79233482165474e-178,1
7.67058369555725e-35,2.83682248234603e-54,0.651013947894189,0.348986052105811,3.73779631877629e-71
1,4.00338859479553e-111,5.22592511855558e-55,4.41559715104095e-32,8.38045406392588e-130
7.51003546649443e-31,8.04368292113968e-33,0.999977252622055,2.27473779446361e-05,3.14732271794737e-41
1.95361701366184e-122,1.92645918585612e-27,0.999999923729018,3.71474147477884e-65,7.62709816887107e-08
6.50756381808435e-17,7.39977980912253e-169,6.02667162138789e-34,1,9.55536965161313e-219
2.81265149421004e-207,1.64521505658198e-34,2.01255432419419e-42,1.46553396500599e-126,1
4.10680527091251e-221,6.17306398816117e-42,1.14885461888637e-68,2.29305144881106e-154,1
5.6528071963189e-155,9.34809337622091e-24,4.57839239561655e-05,1.04667117440278e-78,0.999954216076044
7.97397091275603e-130,2.44120002348811e-25,0.999923368225652,1.43336790718376e-67,7.66317743477103e-05
5.04825668338415e-05,1.37184807754357e-146,2.24502451645477e-31,0.999949517433166,1.12202338145284e-188
4.06358003664261e-13,2.30891236900672e-205,3.98466557612498e-44,0.999999999999594,6.88780243459641e-266
4.17500590785622e-100,3.81050322415428e-56,1,3.00967673147232e-52,3.35370247085779e-48
1.30850547417925e-36,7.40143912040441e-85,1.0270850572478e-07,0.999999897291494,2.75950765562027e-111
1.71612637439453e-62,8.13247497896786e-24,0.999999999999999,1.05171507845897e-15,2.2553373801548e-28
2.85426538559672e-266,7.63383170181651e-46,1.0324073087258e-81,6.68771660233499e-178,1
2.31256076605066e-37,3.56891446762254e-84,2.38075090129886e-07,0.99999976192491,1.8200312479937e-110
0.837787012079401,7.25213366871665e-119,2.94947271990801e-26,0.162212987920599,6.5793089148136e-152
1.2187233259976e-79,1.67386440377545e-12,1.63131918520165e-30,1.35783447742656e-52,0.999999999998326
1.82999539224816e-05,3.44630978248621e-146,3.67291072753187e-31,0.999981700046078,3.38607021086798e-188
5.94186313805632e-134,3.64251018736485e-28,3.07407556801401e-21,2.40384367096356e-88,1
1.79501034734541e-120,2.38298252384397e-50,1,6.70054073204094e-59,6.31154429429869e-40
3.77935856330739e-198,1.01424363202234e-33,8.72906393127874e-40,8.38340835839512e-122,1
7.57105492688546e-110,4.52350426340551e-98,1,3.36101546724717e-44,8.2062169606888e-107
4.25413980765451e-138,1.59478705901606e-28,1.95059758004736e-22,1.66182886301122e-90,1
3.81644827004849e-210,9.29151857978235e-35,2.98760096114978e-43,4.69412798115882e-128,1
2.7765581773256e-28,1.78006447608888e-125,4.30455068909717e-20,1,2.32645513571653e-163
5.22189705355919e-38,1.37771489999166e-83,4.9000544679784e-07,0.999999509994553,9.19384523009857e-110
5.00473877265958e-18,1.1540486983177e-68,2.16885458927276e-08,0.999999978311454,1.68209497250599e-88
3.82874048436132e-117,1.20447862253353e-73,1,3.37593818545629e-52,1.4555443389444e-72
3.09857024853667e-159,3.99949058123825e-24,2.68948242142508e-06,6.29574940945643e-81,0.999997310517579
1.50001622780708e-135,4.65766767664008e-46,1,7.96415806402706e-64,8.43466103016341e-34
1.77513437215492e-108,5.34973692500224e-15,7.61122647924609e-39,1.27042976490588e-67,0.999999999999995
1.50540407209809e-78,3.5208515942423e-06,5.94625225214987e-08,1.98002318735973e-31,0.999996419685883
0,0,0,0,0
2.99246113347215e-31,8.79136391658687e-123,1.18407230484576e-18,1,3.9500975337033e-160
1.03063719996972e-128,2.36318239464904e-70,1,5.61385947410186e-56,7.30644576380269e-68
1.0266838406391e-25,9.55176389590501e-95,5.33181991022505e-13,0.999999999999467,3.82542199781737e-123
3.32327644217045e-164,1.48580129468238e-24,9.86107787979314e-08,1.61818899807385e-83,0.999999901389221
1.49573664640585e-165,6.71380301023762e-31,2.28327653844172e-30,8.17193770871175e-105,1
1.30693891551739e-21,1.79507969558171e-98,5.44163477375176e-15,0.999999999999995,1.30269559323152e-127
1.97633897906214e-124,7.12051505017851e-27,0.999999506955774,8.28517888091359e-66,4.93044226527406e-07
5.81084800628661e-207,1.75183001881262e-34,2.48192507562797e-42,2.13909365526212e-126,1
1.64064837495838e-202,4.25246583453606e-34,4.79340328614305e-41,4.46533585259239e-124,1
3.08621702163974e-47,1.65913980714055e-50,0.999958354814293,4.16451857075287e-05,7.42648581333315e-66
3.8294902481493e-251,1.555309310432e-44,2.42279654817788e-77,5.12152155506701e-170,1
1.05945168126702e-55,0.000271726480839711,0.2019443352207,1.43599834372557e-19,0.79778393829846
3.60235418712669e-44,4.96528996088362e-29,0.999999998984947,1.01505286542713e-09,8.11462992527931e-36
5.00068119587925e-255,7.17305750174341e-45,1.82883386708231e-78,4.84289174736462e-172,1
3.70792146275172e-128,3.66590266270559e-48,1,2.06991447944927e-61,8.3637125881005e-37
1.60494193916156e-29,2.72158072489102e-91,3.74163215097074e-11,0.999999999962584,5.31185215849283e-119
2.56903839608625e-28,1.66136712314641e-158,2.04977120347616e-28,1,2.46831026650941e-206
4.29346381837004e-139,4.7484812080635e-45,1,5.5434912821115e-65,2.32085185746372e-32
1.09525612312327e-204,2.7566617653175e-34,1.12753311246304e-41,3.28127277432208e-125,1
4.29122788859958e-31,9.43256380521367e-33,0.999981052985389,1.89470146105857e-05,3.95089101915511e-41
7.28967291221468e-63,1.03763646116383e-23,0.999999999999999,7.95137638036773e-16,3.1936292754021e-28
1.11660018055981e-75,1.90676918059292e-85,1,1.18086326966466e-38,2.07272261386206e-89
2.01392329649139e-31,1.25941809315891e-122,1.43484234672903e-18,1,6.07859630691119e-160
8.59260890182407e-19,6.64753182506799e-14,0.999999520579429,4.79420497039383e-07,7.64518300121224e-15
5.9900752998016e-144,1.14379601784004e-43,1,1.43831899230599e-66,2.17924851480417e-30
3.19387531355183e-239,1.67270138216727e-43,6.73619935330843e-74,8.3636281686698e-164,1
5.20861981332612e-43,2.32156492611778e-29,0.999999997570997,2.42900265128502e-09,2.74109704967854e-36
4.72710549008097e-148,3.69787675215889e-23,0.0045626478541907,4.23253890686607e-75,0.995437352145809
8.25038992600829e-40,5.9466200133521e-82,3.66430068984057e-06,0.99999633569931,8.39758621816911e-108
7.7551381510902e-25,1.523955492844e-95,1.99942554385927e-13,0.9999999999998,4.23511626613471e-124
6.26473668729031e-128,1.41395648042343e-70,1,1.01222223571227e-55,3.50963790859924e-68
1.54582884222626e-33,4.67748994302343e-32,0.999996983921502,3.01607849758697e-06,3.88531530830074e-40
3.60075074698704e-118,5.27109288563365e-51,1,3.78552932274278e-58,7.32383157964758e-41
2.32510240821116e-110,3.15671037756315e-53,1,1.34632535629548e-55,4.91636014479339e-44
6.35033052913916e-42,5.08754529661934e-52,0.997738277850191,0.00226172214980946,5.13678017140332e-68
1.9456779432103e-34,7.89758028933378e-87,9.07568951489491e-09,0.99999999092431,1.19240828452339e-113
4.47774730111649e-134,3.93603680230029e-24,0.995936279375221,5.84515628578147e-69,0.004063720624779
1.06374599961078e-226,2.02795076272466e-42,2.7941160217998e-70,2.81056844991828e-157,1
7.86330245851346e-136,5.59749316580786e-46,1,6.44944182967411e-64,1.0965451323778e-33
1.20666883789387e-15,6.90668601540294e-104,6.95174460797804e-18,0.999999999999999,4.18749202110638e-134
7.38805423712419e-18,5.33220527955971e-168,1.73148817677984e-33,1,1.02023201186201e-217
3.04034403591639e-25,2.69726407489417e-161,6.62209191120209e-30,1,1.11549404527547e-209
1.43123485984234e-260,2.37690629387481e-45,4.57801363274649e-80,6.25283385359011e-175,1
3.11028974835e-35,3.62815964290021e-119,1.01284634817142e-16,1,8.55264012589195e-156
5.62068627038686e-37,1.59380252516363e-84,1.54747027879498e-07,0.999999845252972,6.92265859171527e-111
6.43414048026828e-68,1.82491327168144e-22,0.0358278789784409,6.14827961995024e-54,0.964172121021559
4.05231632672953e-158,2.9523764382141e-30,3.20591479778716e-28,6.11117795310066e-101,1
1.27973911599115e-12,9.37056899858689e-173,4.98090510546694e-36,0.99999999999872,2.02685306516305e-223
7.48494863143138e-63,1.02985931632769e-23,0.999999999999999,8.0203314999005e-16,3.15951227845036e-28
7.96526552469889e-32,3.20993369366417e-56,0.0926193107170703,0.90738068928293,1.43267455702327e-73
6.89364122035826e-33,2.1346521624121e-55,0.235394977133813,0.764605022866187,1.43749194023121e-72
2.55372422025856e-96,6.39042011955555e-102,1,8.81401600987808e-40,2.61777073291408e-112
9.58173574347139e-33,1.99853084752188e-121,6.28585212580545e-18,1,1.67250992758461e-158
5.84323314418206e-307,1.35916018438703e-55,1.02875748595566e-115,1.05807725522919e-219,1
2.69776710935218e-262,1.6856376104023e-45,1.45344722720712e-80,7.89235178167772e-176,1
8.66819863241996e-32,2.70705243670587e-122,2.15971814588121e-18,1,1.52158214521197e-159
4.59370231785445e-77,4.24517869811266e-152,1,2.91305363737155e-22,1.0610908297293e-182
7.02898742734522e-90,9.39391188754899e-104,1,1.11841123196831e-37,6.33256457713397e-115
5.18192126986535e-245,5.2770895512499e-44,1.43119857164094e-75,8.03328299601341e-167,1
3.33408463815128e-198,1.00330086025249e-33,8.41858715151045e-40,7.8532096749115e-122,1
1.77314091820761e-46,5.02227970079111e-06,0.998643915468738,4.33857976420273e-16,0.00135106225156101
1.87136736214617e-109,3.89403027926871e-31,0.999999999999594,6.45746534426607e-61,4.05753622270072e-13
1.73739432544694e-86,4.55308949844337e-127,1,5.91284013937599e-31,1.37549974882617e-147
3.98644106677499e-139,4.84981229461759e-45,1,5.4107620487605e-65,2.39187718264769e-32
3.41717534560036e-150,1.43234205386254e-29,6.2489847258371e-26,8.25892301131658e-97,1
1.58457724087737e-136,1.87545209333909e-23,0.961681511963952,9.03512961263837e-70,0.0383184880360479
1.57468785431452e-28,2.97863144721522e-125,5.66771284090956e-20,1,4.31310571503887e-163
2.49871832349389e-153,1.29740802000396e-23,0.000136793659286965,7.53975265029925e-78,0.999863206340713
5.64103992416889e-24,2.51612505473289e-96,7.63628405650931e-14,0.999999999999924,4.88521161185684e-125
3.05806706280112e-47,1.66347228117134e-50,0.999958479266644,4.15207333563647e-05,7.45418590683816e-66
0,0,0,0,0
3.83321880170521e-38,4.07606842403277e-53,0.962092484559873,0.037907515440127,1.42039229703757e-69
1.01267010569929e-262,1.54860380554454e-45,1.09511388569236e-80,4.73618123966218e-176,1
4.33045781469088e-152,1.66038339335109e-23,0.000311826672179658,3.3339449424059e-77,0.99968817332782
7.59321702031177e-47,1.28410439051221e-50,0.999944117720424,5.58822795764749e-05,5.15131426153984e-66
9.0609382383257e-115,2.54183778481259e-74,1,2.01307815916716e-51,1.57928530318868e-73
0,0,0,0,0
1.70342777212212e-138,5.46601689537212e-23,0.810122593611671,1.83136291466489e-70,0.189877406388329
0.99999999999898,3.03282056036076e-107,1.36719535581049e-34,1.01973825615436e-12,2.24750801929358e-132
4.89759603682956e-22,4.37539177978564e-98,8.75998911008701e-15,0.999999999999991,3.79152146799821e-127
3.14716830705042e-72,1.24041871061882e-05,3.98291981501829e-06,3.8960106677132e-28,0.999983612893079
7.25511089393158e-154,1.16578142714842e-23,9.57006850976909e-05,3.95783389663556e-78,0.999904299314902
6.06188676307564e-38,8.39610518001597e-31,0.99999989032299,1.09677010372814e-07,2.39738840289707e-38
2.42554121149459e-17,2.3958497158179e-102,4.62550972677162e-17,1,2.94300850348319e-132
3.90045229440397e-56,1.26242149951509e-25,0.999999999999875,1.2536179754868e-13,5.8971647734561e-31
1.05628255116945e-211,6.81201001478648e-35,1.05984444179132e-43,7.2381952355702e-129,1
2.87456250473227e-101,1.6362690137534e-100,1,2.13203689746806e-41,2.68205345545858e-110
6.01481576507739e-150,2.5423515476116e-23,0.00129611736214751,4.35978427593546e-76,0.998703882637852
2.8017253029064e-204,2.99007478986773e-34,1.47902957255025e-41,5.35345241231446e-125,1
1.2494033063673e-103,7.69166336238566e-100,1,3.60852082449704e-42,2.44374597432304e-109
1.27804706438503e-124,2.33884499665635e-27,1.52744096799793e-18,1.7571874035575e-83,1
1.17489114711317e-125,7.11963704275414e-49,1,1.35774840630891e-60,8.06005241463062e-38
3.69746826878606e-46,8.18331588627697e-51,0.99990628338729,9.37166127101504e-05,2.70759469173853e-66
1.61967688036005e-37,4.930913975557e-84,2.8296843168839e-07,0.999999717031568,2.68177082920051e-110
4.86064881611535e-18,1.03073626381233e-101,1.00878276765495e-16,1,1.69295368018286e-131
1.38589004001688e-152,8.89323616655639e-30,1.27281239933593e-26,4.68068733071871e-98,1
7.67037644846054e-29,7.50928872400687e-59,0.00379886504075444,0.996201134959246,9.84851660737094e-77
1.69037886531023e-217,2.14651933957976e-35,2.24286243876014e-45,6.90268112364538e-132,1
2.59895368765455e-132,5.57781927764306e-47,1,9.09931149344196e-63,4.07601676746701e-35
2.63795719099393e-136,1.63709156907284e-23,0.968536035674977,1.07229215879661e-69,0.031463964325023
4.79575793167274e-178,5.56926354912103e-32,5.61008204158676e-34,2.51646298722001e-111,1
9.33149333861656e-211,8.22531227434777e-35,1.98882464704084e-43,2.25293730264648e-128,1
3.70669075157454e-260,2.5809223678287e-45,6.02663353493791e-80,1.02675044388228e-174,1
1.47062480316595e-103,8.17787800771429e-33,0.999999999999998,5.44099552214991e-59,1.63335816365319e-15
7.88009260833568e-44,3.97374061761413e-29,0.999999998689231,1.31076865400381e-09,5.90411330831911e-36
3.36941697898421e-137,1.37191656151233e-45,1,2.30500111536719e-64,3.94314592482432e-33
6.67067401739377e-33,2.18515855828249e-55,0.237979583522377,0.762020416477623,1.47936737444117e-72
1.62624873750494e-24,6.76800994636959e-129,6.40205260235281e-22,1,1.84421754620911e-167
2.41817181510588e-128,1.85391672857355e-70,1,7.41720836912489e-56,5.16685541217693e-68
8.3426089283117e-166,1.08014364363799e-24,3.40093694812759e-08,2.3714531305391e-84,0.999999965990631
9.57367944148596e-62,4.9861746051302e-24,0.999999999999998,1.843909742653e-15,1.12178284675039e-28
2.03677097649247e-211,7.2102752060242e-35,1.28123008600575e-43,1.01917574480279e-128,1
1.56754568953097e-38,4.10712137792679e-83,8.78425501037073e-07,0.999999121574499,3.40661321419067e-109
7.78834232794338e-217,2.44989541984515e-35,3.48722851771309e-45,1.53036761621204e-131,1
1.63618327027351e-29,7.47402426917348e-11,0.999999999600886,1.51046341008668e-10,1.73327395010225e-10
1.8796283948107e-37,2.50735862055569e-53,0.937387505902963,0.0626124940970364,7.17758550129766e-70
7.08972032523295e-218,1.99104150319698e-35,1.74494835741691e-45,4.38884855675833e-132,1
2.14835240992329e-156,7.04434156694918e-24,1.78003887258223e-05,1.90400341506e-79,0.999982199611274
5.28818137849797e-159,4.18883465528608e-24,3.13860471543545e-06,8.31830895372096e-81,0.999996861395285
3.46402211162963e-26,1.93734937194784e-160,1.89927189083825e-29,1,1.18641239296376e-208
4.96824122470929e-18,1.16174154644127e-68,2.17656862145148e-08,0.999999978234314,1.69554910043531e-88
5.10593251698426e-165,1.26347046329259e-24,5.73986876575741e-08,6.09620398947185e-84,0.999999942601312
7.8869761939303e-125,2.24316136480245e-27,1.32861537114648e-18,1.36634789051011e-83,1
6.27145684348013e-217,2.40439937957723e-35,3.27567742351822e-45,1.36699077953023e-131,1
3.03536684485997e-210,9.1092144953817e-35,2.79634932723128e-43,4.16605703461325e-128,1
1.79811526854558e-216,2.63385622187024e-35,4.44079631663598e-45,2.36687708723118e-131,1
6.43566103221471e-255,7.33137537242993e-45,1.9671067841268e-78,5.52340079111398e-172,1
8.59409450001875e-128,2.88592859782599e-48,1,2.72393256612691e-61,5.94397970483937e-37
7.6625917359532e-148,3.85331428981647e-23,0.00524339373611073,5.44240150560731e-75,0.994756606263889
9.09597067708237e-144,1.01559156911283e-43,1,1.64858750568159e-66,1.83907781050002e-30
0,0,0,0,0
5.87003581955661e-26,1.82364120106014e-61,0.000152453884672025,0.999847546115328,7.20815023711926e-80
3.50197362696555e-115,1.66146064965932e-29,0.999999999913823,8.69272245507618e-63,8.61771729721679e-11
1.14888526427571e-262,1.56560861454686e-45,1.13577899323411e-80,5.05816640202817e-176,1
7.14002116478017e-109,5.33399155555515e-76,1,1.69770993424375e-49,6.35036637274985e-76
3.2264402002582e-113,4.11782824446773e-97,1,2.66424622699872e-45,1.92085455284205e-105
2.4365195428033e-264,1.12167213419302e-45,3.73085103496336e-81,6.78901166222184e-177,1
1.08767778179065e-139,1.16121244271684e-28,6.76300245060361e-23,2.45876214072295e-91,1
2.500648201305e-295,1.37973702756158e-54,2.35880773178142e-112,1.22036241230049e-213,1
1.75734230211834e-209,1.06041678853985e-34,4.64434090623558e-43,1.04038790577761e-127,1
1.5204682034691e-30,2.31126524191375e-90,1.17361841513097e-10,0.999999999882638,6.90623957308938e-118
1.66894182661933e-13,9.83612025951001e-40,0.0289625871937112,0.971037412806122,1.93705815239106e-50
3.94243688090718e-36,2.71976365855447e-85,6.01534592714863e-08,0.999999939846541,8.30772415328447e-112
3.17740602824961e-38,2.16273615003362e-83,6.23531686929204e-07,0.999999376468313,1.57882296688924e-109
2.81199898580946e-136,7.5004755979546e-46,1,4.60946951680123e-64,1.66520850988814e-33
8.02182228335072e-22,2.43170005724024e-131,3.16205716380054e-23,1,2.16051671494204e-170
1,2.68963207021189e-82,1.44206065430726e-32,5.7001565231133e-17,3.02987469347511e-98
6.91248989385628e-62,5.47042679004701e-24,0.999999999999998,1.65782694067152e-15,1.28048743295486e-28
4.51796441050527e-23,3.31088510471098e-130,1.27640632964702e-22,1,4.94737557208705e-169
2.51803799440211e-45,4.73996289209064e-51,0.999824640243135,0.000175359756865342,1.24175364468518e-66
1.26135098049017e-25,2.61686378940076e-34,0.998843028427349,0.00115697157265089,2.36775986281619e-43
6.59721069447225e-14,1.12111033180891e-80,0.999999999999934,4.30428842009302e-24,3.19453014632048e-83
1.48865968479396e-150,2.25387117901323e-23,0.000866117823245772,2.10620763077596e-76,0.999133882176754
7.77187481159911e-212,6.63352067613296e-35,9.69938447408447e-44,6.1685308843682e-129,1
6.47530599651443e-38,1.84012149099519e-08,0.999999532135669,2.71987497447605e-13,4.49462844082995e-07
1.89088680568875e-33,8.71862632683619e-121,1.38113101039652e-17,1,9.7830860387385e-158
1.387799409296e-201,5.11547431291407e-34,8.88279444302731e-41,1.35876293770087e-123,1
4.82343184013547e-150,2.4944314990354e-23,0.00121610973402504,3.88614312865164e-76,0.998783890265975
1.92379969297008e-112,5.53234781955716e-75,1,1.15859692129292e-50,1.7907877719586e-74
8.49484629887933e-93,1.41948202630762e-80,1,3.02444343133143e-44,1.8689814754803e-82
6.53242247720137e-213,5.35401587891485e-35,4.74285575292938e-44,1.69701401855154e-129,1
5.40802574065603e-29,9.03504198869419e-92,2.07560803394096e-11,0.999999999979244,1.41582316183474e-119
2.56026939477091e-87,6.13464984805716e-07,1.74069442674796e-10,5.32492218154692e-36,0.999999386360946
2.65428594335275e-30,1.54498261433325e-57,0.0189836064971369,0.981016393502863,3.71110452636924e-75
5.17133503974039e-35,2.6293866667614e-86,1.72593752541277e-08,0.999999982740625,5.04412622792103e-113
3.13548911006001e-127,4.4589751623225e-26,0.999993234564924,1.00895389262093e-66,6.76543507581803e-06
1.23403094982409e-241,1.03421215176255e-43,1.35296764364054e-74,4.62177137690218e-165,1
4.94479289522424e-153,1.37631059348675e-23,0.000166608577845051,1.07607522597501e-77,0.999833391422155
6.61045717878935e-18,8.96451644610328e-69,1.89499927423237e-08,0.999999981050007,1.24254696837048e-88
2.80150989710725e-201,5.43606717011015e-34,1.08814009836296e-40,1.95945628198298e-123,1
1.97765196135801e-24,7.49034639644979e-63,2.76861161451535e-05,0.999972313883855,1.56797655995194e-81
2.75275843123496e-35,4.66034246903503e-86,2.34344872013805e-08,0.999999976565513,1.00193056003375e-112
5.58402534521352e-262,1.79516512512664e-45,1.79339945223046e-80,1.15310103092229e-175,1
8.69495907301089e-76,6.1041258365881e-06,3.73326703475164e-07,5.44438208217837e-30,0.99999352254746
6.98405497213676e-35,1.12928480449951e-31,0.999998903260144,1.09673985645176e-06,1.36741611534785e-39
8.76341965238034e-44,1.72517397390024e-51,0.999441067221999,0.000558932778000952,2.93406497452404e-67
4.52820455105744e-230,1.03598820677382e-42,2.96734611916207e-71,4.92000856653614e-159,1
1.41159221570392e-125,1.77264419157936e-16,8.7357944430938e-44,1.55647194232514e-76,1
2.59542868950097e-163,1.77503011254811e-24,1.78572286043183e-07,4.72335378679794e-83,0.999999821427714
2.85132440033958e-177,6.49819016059377e-32,9.38938325197514e-34,6.37202037809978e-111,1
3.60178473683962e-40,1.5994113120823e-52,0.991577287719839,0.00842271228016115,9.87187788983809e-69
9.97548506301211e-148,3.94078562491061e-23,0.00565692781694603,6.2432226667111e-75,0.994343072183054
6.02486614914203e-23,1.01134717485491e-12,0.999999978920913,2.10777027525935e-08,3.72530915434357e-13
3.74381495544166e-45,9.45746010294022e-29,0.999999999515472,4.84528251989801e-10,2.03589792180742e-35
3.62729642258224e-39,1.55064832006527e-82,1.78663662897838e-06,0.999998213363371,1.67561024785997e-108
7.05343033023287e-57,2.05387455729511e-25,0.999999999999928,7.1708356275982e-14,1.18139737936737e-30
3.95866809087579e-120,1.90269465182639e-50,1,8.67566177999087e-59,4.57703764275939e-40
1.50883946170152e-134,2.41464395707672e-46,1,1.69279863749183e-63,3.30178827584095e-34
4.1599645346175e-43,2.47494908575979e-29,0.999999997742968,2.25703229560212e-09,3.0032473962733e-36
5.67162011288945e-104,1.07251331473523e-32,0.999999999999998,3.98583349858012e-59,2.405467202686e-15
1.7677400845633e-60,2.1745993547196e-24,0.999999999999995,4.77934666396621e-15,3.43096147081166e-29
3.71108742377712e-106,4.02937653814886e-99,1,5.39337519026104e-43,2.59906123575255e-108
3.64526768994959e-31,7.34961135039532e-123,1.07598651858285e-18,1,3.1866016749719e-160
4.29776812533711e-32,5.88378926611813e-89,6.61880665686684e-10,0.999999999338119,3.34920262948254e-116
5.10108581640788e-114,3.4712723919098e-52,1,8.59152379520804e-57,1.5071125844733e-42
2.59448164808054e-31,1.1864368799789e-56,0.0554408253737551,0.944559174626245,4.30887447250884e-74
5.77392909601357e-17,9.48341384373393e-136,1.39271661661918e-25,1,1.11635715300838e-175
3.45862853539186e-28,1.40421779834358e-33,0.999831422667243,0.000168577332756555,2.60502933312022e-42
0.0371102244689246,4.22061274522917e-83,4.1081005032282e-16,0.962889775531075,8.278162553261e-106
1.57226467608262e-55,8.49004981781458e-26,0.999999999999802,1.97657184083256e-13,3.34714743776651e-31
6.47049519667485e-97,4.2295056598787e-124,1,2.3192547882483e-34,2.37452120140752e-143
4.62854984589906e-123,1.29962527081925e-49,1,9.56267206669371e-60,7.10968314492444e-39
1.08376621600674e-264,1.04573073839814e-45,2.95230293234327e-81,4.45081986830321e-177,1
2.61974432166191e-95,8.04445857511838e-25,4.4904518959952e-10,3.32117168536136e-68,0.999999999550955
1.93206950656096e-34,1.83458387583968e-54,0.569001872632253,0.430998127367747,2.12511425259309e-71
6.35474422733162e-69,2.39643341720438e-05,3.58982672042918e-05,2.05674629276713e-26,0.999940137398624
1.37042046556985e-64,5.35542699080656e-178,0.999999999998575,1.42536304701014e-12,4.70862206348449e-219
4.139415067734e-86,7.94194842725325e-105,1,1.9055695029701e-36,1.86153739856913e-116
0,0,0,0,0
6.54876849648481e-110,4.71414877569847e-98,1,3.20548435206207e-44,8.70437400851706e-107
1.1061778028905e-21,1.19524818615739e-230,2.60924856706648e-48,1,1.41130295498197e-299
3.41492191618318e-88,5.15323245702105e-07,9.72651841625986e-11,1.86353035403286e-36,0.999999484579489
8.57629220573437e-60,1.38734341580636e-24,0.999999999999992,8.00571776855543e-15,1.80614906114722e-29
7.5018327420696e-62,5.34452229298065e-24,0.999999999999998,1.70272854514416e-15,1.23862231485799e-28
1.19555629250674e-60,0.000123617324589827,0.00876753266996829,4.20501392564106e-22,0.991108850005442
4.43076938446305e-30,7.6141643273998e-124,3.20347646521826e-19,1,2.10206454891554e-161
5.12227159119981e-134,3.7892963571147e-24,0.996151181549762,6.1085144352649e-69,0.00384881845023811
3.19093318981035e-241,1.1228282874804e-43,1.78027692149549e-74,7.58298324067499e-165,1
9.53821108426899e-34,1.6226292211827e-120,1.92485746916993e-17,1,2.06042982731272e-157
2.75263008894505e-21,1.04963269198628e-65,8.2679460307984e-07,0.999999173205397,5.93957759666676e-85
5.62028846210491e-44,1.95783821519349e-51,0.999516530410063,0.000483469589937344,3.5147467419665e-67
6.08137566542692e-42,1.15356825149351e-29,0.999999994579528,5.42047177440773e-09,1.00996519970884e-36
1.45048630327012e-16,3.109246259905e-202,1.87343280339677e-42,1,3.89361637114072e-262
3.90422361652099e-27,1.61567918873807e-126,1.19411966107729e-20,1,1.30959989073791e-164
1.30153634670042e-143,9.17138106877859e-44,1,1.85326933485152e-66,1.58993523718392e-30
4.06529562891118e-118,5.09217138886286e-51,1,3.93858203679286e-58,6.97152165106478e-41
6.93998199318679e-31,4.09676816982574e-123,7.87346225556493e-19,1,1.58113633789535e-160
1.28516705301125e-140,1.28892451986311e-44,1,1.7621526868658e-65,9.65521453250254e-32
5.40253495896008e-132,1.01069421267018e-24,0.999417413843328,2.80360289985306e-68,0.000582586156671572
1.48211536914926e-58,6.1656624397367e-25,0.99999999999998,2.03065489396005e-14,5.67471647705296e-30
1,1.42181751624338e-244,4.25252536926309e-124,2.25046577859632e-67,1.56538853992692e-289
3.44132323939966e-73,3.73251299014372e-86,1,7.67598407324564e-38,2.02009286146698e-90
0.00212723890896968,6.05382454978326e-82,1.73366279084137e-15,0.997872761091029,2.00349985691663e-104
1.52897727450707e-167,4.51569099244155e-31,6.0744175788484e-31,7.49814937654449e-106,1
3.30802290000326e-22,2.73564506042256e-35,0.98500606297814,0.0149939370218601,9.48075704057936e-45
4.2883557812121e-157,6.12751546173514e-24,1.11750880902592e-05,8.22137690597271e-80,0.99998882491191
2.3143272935792e-127,9.74820543669766e-71,1,1.55112764662619e-55,2.06389434954952e-68
1.03513638108235e-34,2.47390514985379e-54,0.625388017229739,0.374611982770261,3.12754391924712e-71
1.89839116574778e-52,1.12678765002575e-26,0.999999999997993,2.00701788967764e-12,1.87312050272896e-32
5.43564128125361e-37,1.64297651225119e-84,1.57280401685617e-07,0.999999842719598,7.17954983830477e-111
4.41221652239389e-39,1.29804821914226e-82,1.62468493774863e-06,0.999998375315062,1.35386610859902e-108
5.77207550478161e-141,1.61867254327497e-44,1,1.35674032700846e-65,1.33658722156942e-31
2.32209152898876e-39,2.32455839398066e-82,2.21818028706545e-06,0.999997781819713,2.72274459953409e-108
1.28602783534007e-47,1.05622358638805e-05,0.996080463080987,1.83822824486417e-16,0.0039089746831485
1.30472105174455e-55,0.000273335834351373,0.212453350671999,1.59048318627491e-19,0.78727331349365
5.53120482056907e-263,1.46964350213295e-45,9.19557022506498e-81,3.45575650604633e-176,1
1.33444511484059e-31,1.31522613425123e-32,0.999987062581131,1.2937418869253e-05,6.35036377718124e-41
1.43379143376842e-89,7.66900794326979e-104,1,1.41164347762629e-37,4.74020351886915e-115
2.00317057325319e-113,1.05318129048716e-74,1,5.53393377257715e-51,4.48946032549271e-74
8.98198220618435e-120,3.36533469058038e-28,0.99999999368147,2.75169901746143e-64,6.31852987563595e-09
0,0,0,0,0
1.73494492569303e-111,1.32484985952419e-97,1,9.79115337068211e-45,3.80535809342814e-106
6.00537283072919e-266,8.14136834901717e-46,1.27991416882776e-81,9.8546345148822e-178,1
1.29916033125538e-25,8.86744714964678e-62,0.000103707052196389,0.999896292947804,3.03622070748295e-80
2.25007558938396e-153,1.2856983812714e-23,0.000132713828071396,7.1389452425081e-78,0.999867286171929
5.74708731647543e-38,1.26293440574024e-83,4.67748426907802e-07,0.999999532251573,8.28317841822377e-110
1.94520546785602e-37,4.1757119810279e-84,2.58914588622003e-07,0.999999741085411,2.19710373885737e-110
1.22667770957159e-46,1.12024628114098e-50,0.999934640214815,6.53597851847428e-05,4.23917644861428e-66
9.88841814896163e-102,1.10558679345716e-55,1,8.86272468264732e-53,1.53444308680057e-47
8.8576231505177e-42,4.62630261992158e-52,0.997479024608086,0.00252097539191425,4.48555110174933e-68
3.95396029890302e-16,1.90154943740332e-103,1.19437266045291e-17,1,1.41046543145922e-133
3.13030623640608e-99,9.61750838890151e-79,1,2.39456483479143e-46,7.68171701472504e-80
2.29425372277142e-59,1.04849540098708e-24,0.999999999999989,1.10403905072403e-14,1.21096503511494e-29
8.09820607902737e-17,9.22128868497324e-70,5.62044649623882e-09,0.999999994379553,8.12684781987174e-90
4.43662802193837e-18,1.28742913705126e-68,2.29939534144077e-08,0.999999977006047,1.91781483661155e-88
4.76450763781823e-114,7.09707127157362e-97,1,1.42638942214241e-45,4.17827019935637e-105
2.71636092750935e-59,9.99293229459571e-25,0.999999999999988,1.16665300279393e-14,1.13066075016739e-29
2.37574473625212e-207,1.62135549057756e-34,1.91675297775105e-42,1.34210189773693e-126,1
1.69179719345804e-142,4.42009529683232e-44,1,4.28324531168656e-66,5.60819890189057e-31
2.2611428461651e-37,3.64250453446439e-84,2.40685978528005e-07,0.999999759314022,1.86512351163231e-110
2.53195624341464e-44,2.45693147086262e-51,0.999627361579972,0.000372638420028354,4.86025143709802e-67
2.54341815069879e-258,3.72126786991137e-45,2.0447046978464e-79,9.30172270361075e-174,1
1.33722894637256e-178,4.98655809652786e-32,3.87906577556762e-34,1.29336517334896e-111,1
6.39511614295093e-146,5.58121554280868e-23,0.0186444069235787,5.42487605911887e-74,0.981355593076421
5.13892473649084e-124,1.08782099641276e-71,1,1.92180486986749e-54,9.01738905740715e-70
1.15193280361425e-249,2.08804852775848e-44,6.47742655731052e-77,3.01885229113277e-169,1
7.55788891603784e-265,1.01361744083736e-45,2.66033916274505e-81,3.68857099082738e-177,1
0.999320973545708,1.79489212314221e-123,7.95787326519159e-30,0.000679026454292306,5.86298138624711e-157
1.03089637405844e-144,6.95163685342532e-23,0.0409508759891683,2.28483763837445e-73,0.959049124010832
6.7454347701368e-29,8.43438321131446e-59,0.00404172795968059,0.995958272040319,1.13211824838132e-76
2.37608841151238e-29,2.16364069172664e-58,0.00667833184619638,0.993321668153804,3.50517620548556e-76
0,0,0,0,0
2.31646451869222e-11,1.17548843083061e-41,0.00275294255781069,0.997247057419025,9.53781036209127e-53
0,0,0,0,0
6.78817708835090e-261,2.22832384152567e-45,3.69048792752095e-80,4.23876028967269e-175,1
2.02701930903238e-36,4.97480258165032e-85,8.30619600533621e-08,0.99999991693804,1.71371645547411e-111
2.51057812114481e-35,4.40685098243894e-119,1.12374744974021e-16,1,1.0798274069915e-155
3.49246273348937e-155,8.96660593483164e-24,3.98377931820523e-05,8.14361702461466e-79,0.999960162206818
1.76099371303066e-58,5.87044201379427e-25,0.999999999999979,2.1482907709732e-14,5.2908245767409e-30
1.46943218687103e-71,1.41735502494646e-05,6.21648198542777e-06,8.69768550473732e-28,0.999979609967765
2.17919904712739e-85,2.21672788238071e-127,1,1.35073405955328e-30,4.92265321963165e-148
8.52716048107959e-217,2.4691843766726e-35,3.57974070784634e-45,1.60438586228301e-131,1
1.12960825748567e-240,1.25262783432021e-43,2.56507350617421e-74,1.46544447499103e-164,1
3.46720564127092e-163,1.82007505049942e-24,1.94155585513833e-07,5.49286168129936e-83,0.999999805844414
2.1218207989697e-19,1.53826827259276e-133,2.11303172519092e-24,1,4.98757017315141e-173
2.23035362954227e-189,5.82289344667676e-33,2.98502672168264e-37,3.12324447463613e-117,1
5.99637423948576e-31,4.06874721577084e-156,3.87584378123135e-27,1,1.80732957063679e-203
3.38514757498428e-67,1.64215995735321e-65,1,1.6891753520482e-41,1.42945527663994e-61
3.17001882884915e-122,1.67854316423073e-27,0.999999937345909,4.35105201157144e-65,6.26540905705352e-08
1.3938243551243e-119,2.96973834276079e-28,0.999999994714543,3.1763935660128e-64,5.28545729955426e-09
1.55448312038956e-215,3.17435525023633e-35,8.28130472155926e-45,7.28440621272926e-131,1
3.71093357634463e-209,1.13127514941944e-34,5.76382362773009e-43,1.53596751634704e-127,1
5.8878310533452e-132,4.41967342490332e-47,1,1.18854226460158e-62,2.9237591027467e-35
1.68828719161626e-47,1.969900100289e-50,0.99996580241008,3.41975899196372e-05,9.48912421337169e-66
1.10589010667723e-35,9.2753539518595e-119,1.67257455809311e-16,1,2.6357556602318e-155
6.22247233887032e-114,3.2804123180722e-52,1,9.16766591151236e-57,1.39021920388622e-42
3.56713580570871e-37,2.4081327403627e-84,1.92934531944641e-07,0.999999807065468,1.13554986107201e-110
7.11638723996097e-38,3.38053041193346e-53,0.953870319119356,0.0461296808806444,1.09143945184348e-69
4.99853868418449e-125,4.71513797606751e-49,1,2.17881955800928e-60,4.4755694074658e-38
2.07953964286669e-154,1.04632831382569e-23,6.67024024244321e-05,2.06364536160867e-78,0.999933297597576
1.18842390140003e-208,7.39361035474847e-41,4.57568470678197e-65,7.16133881891466e-148,1
2.84132525157782e-65,9.3332589687236e-111,1,1.21884886453788e-29,6.37251251695455e-125
3.25414506972556e-201,5.50697970397139e-34,1.13625713701823e-40,2.11853257338143e-123,1
7.8261928709579e-266,8.33009336935164e-46,1.38168192375711e-81,1.1313081817087e-177,1
8.75014463958169e-53,1.40465583204703e-26,0.999999999998442,1.55840879035006e-12,2.5658278598931e-32
2.28626302812134e-42,3.40302854768808e-07,0.999970719254508,9.55706426036829e-15,2.89404426280539e-05
9.15900100245786e-242,1.00787166128857e-43,1.2413106237135e-74,3.95665376261824e-165,1
1.51383944176592e-245,4.74404819625319e-44,1.00301036737506e-75,4.23031278019226e-167,1
2.34259812134913e-21,9.19258389356534e-132,1.88019834506595e-23,1,6.72933434694396e-171
2.04255659645532e-123,7.34516934197676e-72,1,3.01620829144073e-54,5.14747577537372e-70
4.50504898066015e-262,1.76211877448795e-45,1.68553268200523e-80,1.03102474939161e-175,1
1.34209803739164e-24,9.26317141186596e-96,1.53236728041361e-13,0.999999999999847,2.33133889777134e-124
1,6.49864230971228e-125,2.40565999031052e-48,5.57961077311592e-22,1.0205594690104e-151
5.43479143443733e-137,1.19739848164488e-45,1,2.69456977392346e-64,3.24703487403023e-33
1.19551820417067e-38,5.25221708229287e-83,1.00179938850213e-06,0.999998998200611,4.57501562905813e-109
1.37051439963504e-24,1.04487802660151e-62,3.30761299108345e-05,0.999966923870089,2.33714667678757e-81
9.25306736113896e-113,6.81354989172391e-75,1,9.12229349929623e-51,2.41096639956925e-74
7.60867407766993e-29,5.01368948245878e-158,3.69869961186135e-28,1,9.28104597131335e-206
4.62505654599282e-157,6.16772417513709e-24,1.14218005387061e-05,8.55170392711343e-80,0.999988578199461
1.46882577315646e-119,5.8667039386365e-73,1,5.48554836774534e-53,1.39521571546381e-71
3.67636083180517e-28,1.38002478428146e-33,0.999828027654897,0.00017197234510261,2.54119654334766e-42
7.50558162920132e-162,2.37491858936518e-24,4.72015295549171e-07,2.72756758966437e-82,0.999999527984704
3.35579279460049e-209,1.12147008353376e-34,5.59872261044782e-43,1.45751489536902e-127,1
7.04194369040351e-26,1.16983198174145e-127,2.93573398631379e-21,1,5.62198822901433e-166
8.57293233094901e-12,6.77265111200858e-16,0.999907359954515,9.26400369119433e-05,1.09584989349778e-17
7.46409132879862e-118,4.2835505469999e-51,1,4.80323137500669e-58,5.44647500784232e-41
1.57542501879719e-97,7.04151920184155e-57,1,2.09011213704294e-51,3.01048954787722e-49
7.56229195762092e-127,6.95953253249324e-71,1,2.28355686534633e-55,1.27574772096079e-68
7.32614555747747e-151,1.25363961104387e-29,4.00489939098425e-26,3.70141024150569e-97,1
1.89341674166594e-62,7.90808974611304e-24,0.999999999999999,1.08603632727312e-15,2.1670276346558e-28
6.99327115565604e-38,1.05685172490721e-83,4.25273329860839e-07,0.99999957472667,6.69001003492319e-110
3.83415087646419e-21,6.75780644714778e-99,3.22848259438983e-15,0.999999999999997,4.03731235429598e-128
2.76263587688844e-130,1.47820477357366e-47,1,4.17772124869179e-62,6.12198260837618e-36
1.91253859432929e-212,5.87558947524929e-35,6.46881733866555e-44,2.97051241937065e-129,1
2.14763333975507e-107,6.63783736097751e-15,1.5640887010944e-38,4.65843182134922e-67,0.999999999999993
2.7047517085872e-25,3.9647600469138e-95,3.33279665725675e-13,0.999999999999667,1.33285851793176e-123
4.79450651057323e-245,5.24172423324098e-44,1.3994268988268e-75,7.71445223244285e-167,1
5.64041154820385e-136,2.43429730659821e-28,8.005161663961e-22,2.1221472314883e-89,1
2.17590438198926e-254,8.14641673326739e-45,2.79687216240296e-78,1.04215277926865e-171,1
1.46444456834725e-36,6.68238269954968e-85,9.72495267586318e-08,0.999999902750473,2.44123661797347e-111
2.47350111877853e-258,3.71230258428137e-45,2.02830471405135e-79,9.16757027470779e-174,1
9.68200905775071e-95,5.07158100233189e-80,1,7.01349611874193e-45,1.15104207350047e-81
1.01333969876392e-39,4.93434229024664e-82,3.31652689564868e-06,0.999996683473104,6.71395610224721e-108
2.58974409671138e-45,4.70222688659604e-51,0.999823024716055,0.000176975283945029,1.22766535977001e-66
1.64998696617587e-35,3.80241278650961e-09,0.999999948871398,1.66150296647741e-12,4.73245280738084e-08
1.2546633760822e-114,2.31696678565764e-74,1,2.23888404313515e-51,1.38366439091948e-73
7.04732136617248e-60,1.46707587185638e-24,0.999999999999992,7.50838347663585e-15,1.95613859642942e-29
0.688370088346039,2.61969255454209e-151,3.92318003638365e-34,0.311629911653961,3.1060298244239e-194
2.4527009837211e-46,9.19743950507776e-51,0.999918041426942,8.19585730584659e-05,3.19900475392705e-66
1.94124560354458e-82,1.62204718530342e-06,4.47222437168596e-09,1.8600748322794e-33,0.99999837348059
8.58487612007127e-50,1.97767585219878e-27,0.999999999985213,1.47868913198203e-11,1.56221678265984e-33
2.45853528458434e-211,7.32866267485175e-35,1.35282192153255e-43,1.12420823825807e-128,1
4.09538368251367e-131,2.54488646107061e-47,1,2.23949874548858e-62,1.32957542894655e-35
9.92873256859824e-19,6.3796523892961e-14,0.999999497403994,5.02595934812648e-07,7.2091813695674e-15
1.75890036564632e-15,4.90590938274864e-104,5.79041528707828e-18,0.999999999999998,2.77861168364492e-134
1.11532316189932e-259,2.83906040465309e-45,8.28498071328758e-80,1.82306249055362e-174,1
